[0.7872067206720672, 0.7568863329851647, 0.7682078125812895, 0.7835615780693016, 0.787971580588642]
[0.7788777020072053, 0.7772719271575107, 0.796802033102044, 0.7997784547216837, 0.79312625515591]
[0.7128080060549995, 0.7186678106357047, 0.709175346805549, 0.7222908891635567, 0.7038095199932681]
[0.8011495771141292, 0.7592594815890891, 0.7670024936857316, 0.7639648937532002, 0.76946530675939]
[0.7926565701844263, 0.7937431749726999, 0.7757273356567528, 0.8092916971814358, 0.7944487111793789]
[0.810289736690371, 0.7903020609937843, 0.7948631727274182, 0.8072916666666665, 0.7797084753356053]
[0.8077941915385387, 0.7899186425197988, 0.7862261003156619, 0.8057760317485717, 0.7809871239484957]
[0.8050475230414746, 0.8111732022352804, 0.8128412841284128, 0.8294450844854071, 0.8169962894916964]
[0.8194655007580273, 0.7737978567228421, 0.8061573866187697, 0.8064682773285918, 0.7817684754894308]
[0.8070407199244207, 0.802299531132483, 0.7952446288066372, 0.7950286210303571, 0.784088220551378]
[0.7294109176436705, 0.7311758178810202, 0.741032938266268, 0.7497480000000001, 0.7386736070946597]
[0.8816426088210321, 0.865862643346787, 0.8714223338500794, 0.8874158931437652, 0.8691703573900484]
[0.7787000332011953, 0.77991399139914, 0.7717464018042053, 0.7666978198166261, 0.7762696812596]
[0.8341639381099127, 0.8607466720048043, 0.8692414853244945, 0.8637621078965938, 0.8549160719509215]
[0.9188011095500557, 0.905413844454052, 0.8832337253389886, 0.9049549983154449, 0.904931619726479]
[0.7023651405802436, 0.7000280112044818, 0.6875230180461481, 0.6731150793650794, 0.709890004361413]
[0.8203423080772696, 0.8095222802087515, 0.7872407240724073, 0.7961019670814933, 0.8045604560456046]
[0.7472318228366615, 0.7842737176486592, 0.7678022848365573, 0.7639562232995729, 0.7698165912301553]
[0.9247707963327414, 0.9210601060106011, 0.930338283729325, 0.9140161412297584, 0.9119671967196717]
[0.775094696969697, 0.7841140611053072, 0.7701280512204882, 0.7836733059753778, 0.7708173076923077]
[0.6811346876387949, 0.6710427847077985, 0.6764395426213783, 0.65969, 0.6819538121405341]
[0.886191544766179, 0.8762493783189745, 0.8699841092578582, 0.8926553898508658, 0.8849893393610028]
[0.8122725596755318, 0.8029072116288465, 0.7937431749727, 0.8147752591010364, 0.7919572291957228]
[0.6804107216428865, 0.6893911206596492, 0.6974484325742908, 0.7008396836577868, 0.6778793842805939]
[0.7127152715271526, 0.66324261188179, 0.6660620475366775, 0.6835057040619653, 0.6863266802639856]
[0.8304974374434732, 0.7896665386584742, 0.8146197353600217, 0.8041365402390375, 0.7781241995389344]
[0.6556560904814333, 0.7036950186594835, 0.6945409170842697, 0.6974319679576182, 0.6654235972455074]
[0.8107770777077707, 0.8293535399849578, 0.8110227713779266, 0.8206385747172454, 0.8050689824833693]
[0.846432, 0.8376473977568732, 0.8391004636908833, 0.8350181835659014, 0.8629030645103223]
[0.7297751814480439, 0.742858742914745, 0.7261749046996189, 0.7253159628991929, 0.7537014805922368]
[0.7038015206082433, 0.6951612322392454, 0.6965314209622819, 0.7108310831083109, 0.7070065732883645]
[0.8900720425935335, 0.9012630726617523, 0.8989768326543113, 0.8805501862901645, 0.8855755423021692]
[0.830469896916289, 0.8057337126874669, 0.8139382934288953, 0.8209399381598551, 0.8029753904249872]
[0.8062048414745511, 0.7903966463463415, 0.7933353335333533, 0.7970467747355618, 0.7935467869943676]
[0.7209328395556001, 0.7122353957663323, 0.715736, 0.7105832743217672, 0.7335437745798175]
[0.7881057727760945, 0.8496489648964897, 0.8211852901954659, 0.8036643664366436, 0.7934740836816063]
[0.8024964082615985, 0.7877925477622872, 0.8237736558516107, 0.8202771244339909, 0.802718062168358]
[0.8163478511473756, 0.825935439472505, 0.8127692596933491, 0.8140290244643913, 0.8354854710701485]
[0.8434199154983675, 0.837152327424701, 0.8144481246799795, 0.8125410059048502, 0.836162991517036]
[0.9239450932382747, 0.9192159215921591, 0.9191031928735862, 0.9169787915166068, 0.9419065381659836]
[0.855075594816584, 0.8966975867903472, 0.904109589041096, 0.8743897559023609, 0.8973374295954941]
[0.7731007107911013, 0.7472476036549263, 0.7766388195378017, 0.7818972518613647, 0.7647489439324116]
[0.7877584006465267, 0.7994149168197406, 0.7862485799772796, 0.8045846854380818, 0.8187696050188848]
[0.6803367213468854, 0.688259109311741, 0.7080626012738445, 0.7016333167785449, 0.6717759746495103]
[0.8960570322126385, 0.8933600963468487, 0.8744467010362965, 0.8887751990241397, 0.8881758973292154]
[0.8165773967862842, 0.7764889065007946, 0.7999727843237706, 0.8054089947238101, 0.8145702520019689]
[0.9415366146458584, 0.9203621973519419, 0.9382953181272509, 0.9179290454456361, 0.9237627802044833]
[0.8452433809735239, 0.8540616649866398, 0.847966796679668, 0.8462998102466793, 0.8427964743589744]
[0.8582418241824183, 0.8768194254171169, 0.8668216031909419, 0.842063368253473, 0.85079631852741]
[0.7907710771077108, 0.8039819548872181, 0.7873442447094235, 0.7972990271377369, 0.791786017186474]
[0.8077029282172571, 0.8180863449236051, 0.7986453821124477, 0.8003833241970398, 0.7773734540662742]
[0.888956895689569, 0.8854580238217213, 0.8982923385241868, 0.8987707678491244, 0.8917256339651639]
[0.8894969496949694, 0.8974369236680328, 0.8811970773696327, 0.9027903260131948, 0.8792309634194719]
[0.8457685768576858, 0.8611640686329481, 0.8644739369877047, 0.8665538445535323, 0.870259329335856]
[0.8390313846745383, 0.8588907210553278, 0.8655815888867551, 0.8635672683051714, 0.8600100010000999]
[0.8791163067961321, 0.8811647082828233, 0.877155172413793, 0.8781169871794873, 0.8578394313577254]
[0.8119356749487705, 0.7873413771583108, 0.8132213221322132, 0.8228824556625387, 0.8021299169252327]
[0.8203510993392344, 0.8186647983184867, 0.822102382743115, 0.789703881552621, 0.8314639999999999]
[0.7906456211160229, 0.8051620648259304, 0.7742267628205128, 0.795098886328725, 0.8101894736842105]
[0.8410805704656348, 0.8470945436460189, 0.856947847112136, 0.8665913895829329, 0.8489960226200938]
[0.7915391049267846, 0.7939640000000001, 0.7856262505002002, 0.7869491307973571, 0.8151930430886895]
[0.8474008429698476, 0.867336, 0.8714643795246332, 0.8639186900056466, 0.898773693647541]
[0.8203871835519047, 0.7934857934857935, 0.7942581624357758, 0.8071327132713271, 0.788776]
[0.8437503750135005, 0.8285440958087668, 0.8670448544590421, 0.8439163916391639, 0.862167467948718]
[0.9291027568922307, 0.9288214375717525, 0.9137296812645348, 0.9214062499999999, 0.9208267205309479]
[0.7865103366615462, 0.8125232709438496, 0.8141933109591946, 0.811438022353841, 0.803577501190233]
[0.8234031648407971, 0.801304535844705, 0.819980308657787, 0.8149973596197853, 0.8151510421044627]
[0.7052333884019824, 0.6901305282370882, 0.6987495794549736, 0.7150580881146475, 0.6922923067076293]
[0.6556560904814333, 0.7036950186594835, 0.6945409170842697, 0.6974319679576182, 0.6654235972455074]
[0.7145984347937648, 0.7128148468399225, 0.7108003201280512, 0.6859795326911744, 0.7076534755251189]
[0.7864345372641435, 0.8165925759946222, 0.8105065666041276, 0.7810084961359383, 0.808583749359959]
[0.9106495431766545, 0.8968222518422454, 0.8875232133709017, 0.8811367027937476, 0.8856746661536734]
[0.7933809874487705, 0.780147379628629, 0.766995067980272, 0.8043419115293515, 0.7726534498207885]
[0.8015307838959292, 0.7634865904986163, 0.7928795719252152, 0.7802820059989347, 0.76945682853294]
[0.6960571064617307, 0.7268196291140658, 0.6976727438577961, 0.7067873085969376, 0.7139754236067776]
[0.7988494449815663, 0.7619607654889913, 0.7651162418598698, 0.7914578111946533, 0.7941034103410342]
[0.8101252613792799, 0.7952656660758085, 0.7980592236894758, 0.79907670340601, 0.7660654589130216]
[0.7103581560425578, 0.7164596459645964, 0.7100711739500943, 0.7206520652065206, 0.6746434643464346]
[0.8385953543814174, 0.8453184314635327, 0.8332933307731695, 0.8417633670534681, 0.8442741793364199]
[0.7558475784616863, 0.7750736754436542, 0.7647809919505586, 0.8035489176761552, 0.763932393239324]
[0.8129816241849437, 0.8143844824275015, 0.7900150135121609, 0.8060592178232147, 0.80713442097888]
[0.7735723771580345, 0.7512263742605685, 0.7974183635497901, 0.7740896358543419, 0.7703972216887522]
[0.7940723310082081, 0.7384665847970526, 0.773908, 0.74763891500094, 0.7745010509458513]
[0.8959676096514917, 0.8851503616444716, 0.8579436335701939, 0.8794591160576428, 0.8917043849512069]
[0.7458046004725851, 0.7194330088697385, 0.7404666271943161, 0.730341485278875, 0.7286712500852868]
[0.7964174660535701, 0.7962767404278468, 0.8090969455511288, 0.8066741081251925, 0.8100211607617874]
[0.8545466950822567, 0.8117331733173316, 0.8195874430842053, 0.8174948683373413, 0.818465282530991]
[0.8573396056450806, 0.8703199346352875, 0.842052205220522, 0.8369700947745902, 0.863696]
[0.7730181407801375, 0.757169880889402, 0.7438223822382237, 0.7624001984031744, 0.797508162089495]
[0.7877736700595354, 0.7850058611487851, 0.7837926509186353, 0.7977098319421971, 0.7868262179387159]
[0.7446534093416403, 0.7508840141442263, 0.778915981339874, 0.7581009615384615, 0.7594244126496383]
[0.7877227722772276, 0.7772081687536767, 0.749327612704918, 0.7893580492958592, 0.7827410964385754]
[0.8362665596146126, 0.788877990191172, 0.8106946602797226, 0.8076006355932204, 0.833961343381494]
[0.7821820596518178, 0.8141287158442597, 0.787561615773638, 0.7789258512544803, 0.7832165308871639]
[0.7590727782645399, 0.7700509299822765, 0.7986727787644603, 0.7512616106195398, 0.8011928190851054]
[0.7297751814480439, 0.742858742914745, 0.7261749046996189, 0.7253159628991929, 0.7537014805922368]
[0.8044081275979973, 0.8173130770092323, 0.8092573610692393, 0.8045073962602458, 0.81147091657697]
[0.8503347427766033, 0.8434298155737705, 0.8446489204945864, 0.8493652343749999, 0.8475681992827868]
[0.7538765582243843, 0.7653688524590165, 0.7294909802321254, 0.7550075373660914, 0.740978097809781]
[0.8163431100652716, 0.8133453381352541, 0.8352562640317915, 0.8258874271813584, 0.824592838446152]
[0.7634163416341634, 0.7501912210515356, 0.7451670510602857, 0.7505724487998591, 0.7325641025641025]
[0.7523538454148051, 0.7048531489240792, 0.7278756460103362, 0.7010633146442878, 0.7293089308930893]
[0.7801367643116369, 0.7756843626291373, 0.7922908264515716, 0.7612105783509653, 0.7790342163576549]
[0.9341546644451207, 0.938824238769973, 0.9338696193062951, 0.9418236226016548, 0.9336633147918993]
[0.7667162674602793, 0.7622076339793841, 0.785094246031746, 0.7799164786636587, 0.7705388914073438]
[0.7457585758575858, 0.7676465411019187, 0.7626551002524818, 0.7423303290781962, 0.7276531167915946]
[0.7612565026010404, 0.7917511751175117, 0.785067492914445, 0.8126273646281653, 0.8395035043689533]
[0.8326064931060305, 0.8559628146613278, 0.8508306299026765, 0.8428677741501824, 0.8255852688443925]
[0.8425437911949383, 0.8236073951841586, 0.8440260176651306, 0.82560972194999, 0.838162173838258]
[0.7757668417008197, 0.7998048557655705, 0.8073986587929137, 0.7873522501210819, 0.8074387043083]
[0.7747350141445829, 0.7727900441589723, 0.7848822324628777, 0.769096, 0.785689011837365]
[0.8682032553171913, 0.8756480414746544, 0.8717486994797919, 0.9006300630063007, 0.8614192023918599]
[0.8074130914262528, 0.7742667451046306, 0.7930028569594247, 0.7805359401770989, 0.802172878223616]
[0.6881280401945725, 0.6979845880260818, 0.6993931781544136, 0.6891108079890875, 0.7091039374869899]
[0.828928320802005, 0.8004434146126724, 0.8182370917934687, 0.8379245086742205, 0.8207674817056572]
[0.7808859487992188, 0.802052, 0.7782926936637333, 0.795839984636989, 0.7648721922542459]
[0.9268852826323539, 0.901217704320018, 0.9376420004888624, 0.9267708237330651, 0.914198627178034]
[0.8067752271009083, 0.7831932773109244, 0.7934716840506654, 0.7854015652062352, 0.775080032012805]
[0.7836703670367037, 0.7964555705041962, 0.8087841843028565, 0.8152990766760337, 0.8155136268343816]
[0.8341639381099127, 0.8607466720048043, 0.8692414853244945, 0.8637621078965938, 0.8549160719509215]
[0.7641915980777771, 0.7959710743801653, 0.7513847976434427, 0.7776937118701062, 0.7684889904329]
[0.846432, 0.8376473977568732, 0.8391004636908833, 0.8350181835659014, 0.8629030645103223]
[0.7947775079125636, 0.7883897531200437, 0.8347649883265054, 0.7815211781509176, 0.7885424667178699]
[0.930062403250774, 0.9263552867383513, 0.9362777059974159, 0.9167666922732218, 0.901389800131219]
[0.7564797323258197, 0.7201125344666819, 0.751043939545591, 0.7577595140825628, 0.727164711718487]
[0.9264486448644864, 0.9206636826547306, 0.9204261654713115, 0.9043772579425566, 0.9235169864460481]
[0.8103842259653673, 0.810748065692408, 0.8118207282913166, 0.8195860401631502, 0.8085907308849029]
[0.7790058563748079, 0.8072221599192554, 0.7990547424953677, 0.7640758297637031, 0.7957161445300771]
[0.7933153315331534, 0.7558733974358973, 0.7621524441027612, 0.7565086006508601, 0.7721496703156007]
[0.8246392985571942, 0.7772352969448405, 0.8132611095997824, 0.8109192436769748, 0.804863832780625]
[0.790931093109311, 0.7548959596080832, 0.8070888831967213, 0.7751716109831029, 0.7984019471265471]
[0.7421507174258273, 0.6718121852386686, 0.6840669450711212, 0.7123215885816692, 0.6663999903996543]
[0.8086034413765506, 0.8096158540733716, 0.8134532671132115, 0.8123636859323882, 0.8265008960573476]
[0.7390156235599598, 0.7530856047785366, 0.7514757142456949, 0.7460128564628328, 0.7319714664074158]
[0.7888772810419844, 0.7928233933851034, 0.7994587756801332, 0.7824380760368663, 0.786497022284836]
[0.8006721706143671, 0.7903340867920293, 0.785086508650865, 0.81445, 0.7866963210675584]
[0.7833053221288516, 0.7926070428171269, 0.7790579057905791, 0.7655424168232762, 0.785276319159836]
[0.76074, 0.7745181224385246, 0.7820163597048996, 0.7846141527374637, 0.7767267628205128]
[0.7897691527855137, 0.8179240295422867, 0.8015493944550095, 0.8022473438300052, 0.8118447378951582]
[0.8122589713709047, 0.7803267125154298, 0.7818686334806844, 0.7847218887555022, 0.785824634989754]
[0.7908104474745535, 0.793449645174087, 0.7963556355635564, 0.7883749373433584, 0.7884184762797479]
[0.6783523225241017, 0.7301449170987773, 0.6789568741465134, 0.7267386014344261, 0.6813057519839602]
[0.9010326023900685, 0.8946730217425235, 0.8951122240400654, 0.8718459495351926, 0.8756436261507256]
[0.8632249855963126, 0.8668328239266454, 0.8863465386154462, 0.8929476325996374, 0.888964]
[0.6958951343221491, 0.7182394264774128, 0.6949539815926371, 0.7139388557554229, 0.6683165345571965]
[0.9018418652285928, 0.9046583701710551, 0.911445320007688, 0.9064705035280565, 0.9047314140279237]
[0.8864102564102564, 0.8863406097448652, 0.885402663081749, 0.854808, 0.8636683964379523]
[0.7819441499893997, 0.7663006919085142, 0.7857071380253051, 0.7678144888504144, 0.767608173076923]
[0.7145984347937648, 0.7128148468399225, 0.7108003201280512, 0.6859795326911744, 0.7076534755251189]
[0.7564632326763763, 0.7885072681704259, 0.7930786892590281, 0.7843197681864754, 0.7834902940611185]
[0.7842537137278907, 0.7582845302099335, 0.7458183221821924, 0.7340314806808538, 0.7601164997131636]
[0.7551230204920819, 0.7535294117647058, 0.7406664825775675, 0.7997287468343796, 0.7580062769211061]
[0.6811074540329298, 0.7035083925940162, 0.7245043286233218, 0.7356884057971016, 0.6980871693947103]
[0.68563014416671, 0.7196540578597029, 0.7233203557952775, 0.6940976890083862, 0.7291336534613845]
[0.7382008146770158, 0.7478783125732738, 0.7563000973405598, 0.7755596805940055, 0.7381352541016407]
[0.8899035596142384, 0.9018789144050103, 0.8824501192019073, 0.8726910474452994, 0.8832551887471795]
[0.7827784239311975, 0.7908637773996596, 0.8090997823860727, 0.7837744791916863, 0.7880775801426991]
[0.831238793545082, 0.8466224784092227, 0.8418729188012296, 0.8373445776191772, 0.8475158562367864]
[0.7872736408401166, 0.798943047798883, 0.7578695497341138, 0.8151655353483606, 0.7842475758267001]
[0.8220526113671275, 0.7975470430107526, 0.827623310493242, 0.822826574412198, 0.8065234845443596]
[0.8291344794582538, 0.8433223596049457, 0.8619124134974093, 0.8499663951609031, 0.858003432013728]
[0.7878311513246052, 0.7670953525641027, 0.7739129912366427, 0.7869880038906301, 0.7785562352036342]
[0.8867443510468149, 0.8722025936403395, 0.891097109710971, 0.8631919085143186, 0.8799483166922683]
[0.7018415866963585, 0.7224155586489385, 0.6904133210109181, 0.7090015043851225, 0.6837285521496048]
[0.8045754354508197, 0.7761996806454324, 0.7994376794853284, 0.7691799656567841, 0.7790431161724646]
[0.7725649974385246, 0.787747150988604, 0.8046668588173127, 0.770503082012328, 0.7981640299582661]
[0.776999107996432, 0.7842403755266827, 0.8007299474662054, 0.7959151836607348, 0.790488647818365]
[0.8015222388323607, 0.7986150005600807, 0.7798075805721292, 0.8161904761904764, 0.814024097542242]
[0.8086034413765506, 0.8096158540733716, 0.8134532671132115, 0.8123636859323882, 0.8265008960573476]
[0.7176913626195078, 0.7246815184687281, 0.7363951292882744, 0.6974265411945457, 0.70180538494472]
[0.93999575998304, 0.9296787085871268, 0.9352633116090754, 0.9376600922131149, 0.938399705369009]
[0.7934195102240039, 0.7981, 0.8051136750187091, 0.8022962296229623, 0.7741287077967838]
[0.728913803950168, 0.7643140612248165, 0.7410840000000001, 0.7689989433913933, 0.73982253444496]
[0.8252837096767733, 0.8205725166410651, 0.8247636217948717, 0.8195931134898158, 0.8196931150898414]
[0.9252365236523652, 0.9018497183819765, 0.9135913591359137, 0.9235271744570113, 0.914629359650106]
[0.7978841334104492, 0.8278042085635746, 0.8013652287058353, 0.7981812789560588, 0.7951901942853475]
[0.8214752859011436, 0.8186695794123295, 0.8053839752924421, 0.827952969550799, 0.817609735801955]
[0.7972488613766117, 0.7782205312241199, 0.7825547515368853, 0.8047414260417043, 0.7941631766527066]
[0.7960200797425181, 0.8027402740274029, 0.7923588438640292, 0.7965791863167453, 0.781434214159653]
[0.7885219244140407, 0.8006875327658587, 0.7756479233252398, 0.7843326264378896, 0.7837501600102406]
[0.7972231902867741, 0.7600200080032014, 0.812351116004404, 0.7754775477547755, 0.780535122140488]
[0.7691963071409141, 0.7792619642513934, 0.7871446368556195, 0.8186409586824525, 0.7666146458583434]
[0.812508, 0.7936479999999999, 0.7792351169404678, 0.794156, 0.8007408118529896]
[0.8032243224322432, 0.7882217847769029, 0.829051906779661, 0.7858305830583059, 0.8240349873358968]
[0.7517169889856558, 0.7394655189670702, 0.7322417712602459, 0.7214021697388633, 0.7325708845366103]
[0.8142272569090276, 0.8016812303949812, 0.8019008304132865, 0.8199397832195906, 0.8113993083799824]
[0.7829536769913452, 0.8282960595099325, 0.7611216015106176, 0.7865956737699717, 0.7780760107363864]
[0.9184742768557798, 0.8955229265125004, 0.9236237090076129, 0.9186258012820513, 0.909814833350015]
[0.824825083173707, 0.8017410569154637, 0.8219303579715479, 0.819503278013112, 0.8121668648958196]
[0.8333680049927189, 0.8044693631717751, 0.8410208400846566, 0.8364102564102565, 0.8169616424765164]
[0.7899546392742283, 0.7888292485720347, 0.7590510362041449, 0.7504963891691085, 0.8186962489845084]
[0.8149552598210392, 0.797584181550477, 0.7929899667696848, 0.8237981955381893, 0.7937147977470557]
[0.9015181518151816, 0.9067386954781913, 0.9066192147998525, 0.9034585858585858, 0.9070626170168505]
[0.7074646522873933, 0.6840406254625166, 0.7214259713349681, 0.7185257233890111, 0.7177197719771976]
[0.6857710916298889, 0.7100222432030212, 0.7268629074516297, 0.7265374711365258, 0.7039779796840179]
[0.7538765582243843, 0.7653688524590165, 0.7294909802321254, 0.7550075373660914, 0.740978097809781]
[0.791308383916389, 0.8093126252745538, 0.7844972806468692, 0.7507040112641801, 0.79272460937]
[0.7609222668787742, 0.7647522360357765, 0.7756713175068722, 0.7835285833173292, 0.7725782629057241]
[0.8892535949598422, 0.8795238095238096, 0.8779155116620467, 0.8932853285328533, 0.8944929345803369]
[0.8383194881005838, 0.8337858111015923, 0.7884872180451129, 0.8172987640881149, 0.8355837744197863]
[0.7079561504879303, 0.7248804880488049, 0.7157224096462689, 0.7319597113553816, 0.710540317805764]
[0.8181679731961077, 0.8002352338736779, 0.8110762373181652, 0.8037766435541859, 0.8056859520007683]
[0.8331113324453298, 0.8627055494859512, 0.8154281874039939, 0.8133896975228578, 0.8492434063120157]
[0.7058983593437376, 0.7563641898902014, 0.7083213325652842, 0.6980599986380333, 0.7140959999999998]
[0.7991665465725128, 0.7982750896057347, 0.8111580422380142, 0.7866507389576556, 0.7780511122044487]
[0.7334264536372952, 0.7010336538461539, 0.7049491954105787, 0.6857351616454809, 0.6910969208117276]
[0.7527030973115032, 0.7540870163480654, 0.7752444039104625, 0.7534933615123823, 0.763460861495135]
[0.9085512265164039, 0.9070531679415285, 0.91179929282105, 0.9084785356565704, 0.8986020421227833]
[0.8741522412152313, 0.9002725842669645, 0.8784889113753268, 0.8947808718693837, 0.8989935355862775]
[0.8129291716686675, 0.8424889955982393, 0.8552184232471615, 0.8254153016612066, 0.8145081285202252]
[0.9244749418159823, 0.9343341764856558, 0.949278784579918, 0.9394565008642213, 0.9434663466346636]
[0.6910268270120259, 0.7124103483606558, 0.6938976377952756, 0.681294987095016, 0.7034112545800733]
[0.8309652327354062, 0.8514051405140514, 0.8342395109441451, 0.8536979166666667, 0.854547493551643]
[0.8204215351752663, 0.8375553768023725, 0.823469387755102, 0.8158992462704211, 0.8132576166864762]
[0.8094152376609505, 0.8165247919973069, 0.8403200000000002, 0.8404160416041604, 0.8289852276928517]
[0.886191544766179, 0.8762493783189745, 0.8699841092578582, 0.8926553898508658, 0.8849893393610028]
[0.9368347338935574, 0.9154835483548354, 0.9306810173617786, 0.9150555475400376, 0.9282019275778051]
[0.8606817709083345, 0.8844541512664201, 0.8657823129251699, 0.8793024084280974, 0.8696913520801232]
[0.7907541993550562, 0.8041776293395164, 0.8017495746171553, 0.7910308589357248, 0.8122435897435897]
[0.7076836257684427, 0.6942188801332564, 0.7182304942368425, 0.7094454045058884, 0.685022573002049]
[0.7865194700923324, 0.77326383749815, 0.7623551629217079, 0.7661995831849946, 0.7805619559651817]
[0.801932869583305, 0.8151801183583481, 0.7951121794871795, 0.8023048829757872, 0.804614133938833]
[0.719731328320802, 0.6725892703122305, 0.6881991006704964, 0.6895032884735401, 0.7217115079174085]
[0.9199724402036542, 0.9144645257296466, 0.9280353679544168, 0.9310718412942989, 0.9343318295739347]
[0.7445858343337334, 0.7413144580774638, 0.7261661419811112, 0.7538445536157207, 0.7303050983540746]
[0.8385953543814174, 0.8453184314635327, 0.8332933307731695, 0.8417633670534681, 0.8442741793364199]
[0.8934454763343322, 0.9058899769585254, 0.8939353898391953, 0.9114225827613243, 0.8744309878891002]
[0.8015681568156816, 0.7771679780472097, 0.7980749198717949, 0.7925821318269831, 0.7703011971064592]
[0.8520016320261125, 0.8504476103383549, 0.8472505010180367, 0.8604105618805145, 0.8652314609258435]
[0.8111839157706092, 0.8140283912681647, 0.7987111175115207, 0.7898908186004456, 0.7827308417273962]
[0.915179517951795, 0.9237511200716846, 0.9299508792140674, 0.908416, 0.9319139738463201]
[0.7629518650685699, 0.7929171668667466, 0.7702667505479667, 0.7785673132321874, 0.7667244187116625]
[0.9031590846230625, 0.8969971898835808, 0.9031304500872013, 0.9006405255430066, 0.8952741096438575]
[0.6966468543232028, 0.687630750523002, 0.702524086631719, 0.7118871887188718, 0.6878151260504201]
[0.7524790892472129, 0.7899171442187168, 0.7644267730155679, 0.7947927166834668, 0.7878450471811467]
[0.7691963071409141, 0.7792619642513934, 0.7871446368556195, 0.8186409586824525, 0.7666146458583434]
[0.7885219244140407, 0.8006875327658587, 0.7756479233252398, 0.7843326264378896, 0.7837501600102406]
[0.7507070028280113, 0.7275830878586065, 0.7217597336065574, 0.7377177717771777, 0.7841936774709883]
[0.8824471043985289, 0.8861355445421781, 0.8972912280701755, 0.8790817042606517, 0.8826423781403263]
[0.803795365667191, 0.7877212570884309, 0.7884544478109621, 0.7747340777950442, 0.801409076178931]
[0.7284568456845685, 0.706858743497399, 0.7378209209846582, 0.7238802387543807, 0.7181239999999999]
[0.899057905790579, 0.904173867127496, 0.9083583441190259, 0.9105791233937687, 0.9218116872467488]
[0.7966716671667167, 0.8017517675726936, 0.7834322035593281, 0.8154629629629631, 0.7980517633104794]
[0.763724878392217, 0.778671339863005, 0.7623234153894163, 0.764105764729887, 0.7580362899511836]
[0.805281835239707, 0.780483017477237, 0.8256981719642478, 0.8074770691744904, 0.8093311078288923]
[0.7989468587822455, 0.764686966134057, 0.7687723432565448, 0.7619360000000001, 0.7776097609760976]
[0.9199724402036542, 0.9144645257296466, 0.9280353679544168, 0.9310718412942989, 0.9343318295739347]
[0.6981018813105543, 0.6986522889473283, 0.6908350533608537, 0.6810613922960103, 0.7427274801003687]
[0.8246392985571942, 0.7772352969448405, 0.8132611095997824, 0.8109192436769748, 0.804863832780625]
[0.9307264223787862, 0.9258965356931019, 0.9187306996911951, 0.9220022490885588, 0.9186466983471736]
[0.8133080517153097, 0.8082568256825682, 0.7946138455382155, 0.8269698682411983, 0.827295673076923]
[0.7877227722772276, 0.7772081687536767, 0.749327612704918, 0.7893580492958592, 0.7827410964385754]
[0.886191544766179, 0.8762493783189745, 0.8699841092578582, 0.8926553898508658, 0.8849893393610028]
[0.7391664764467724, 0.7447424742474247, 0.7337533634441669, 0.7417027012972467, 0.7581700915434351]
[0.7900086401382422, 0.7782055137844611, 0.7887323943661972, 0.7891025025601638, 0.8076989290361323]
[0.7382008146770158, 0.7478783125732738, 0.7563000973405598, 0.7755596805940055, 0.7381352541016407]
[0.7022797836246079, 0.6883820564516128, 0.681534904558473, 0.6985263225284992, 0.6900533676849466]
[0.7558475784616863, 0.7750736754436542, 0.7647809919505586, 0.8035489176761552, 0.763932393239324]
[0.9251017431933503, 0.9186628207854102, 0.9217671145694489, 0.9300821597653265, 0.9216486431340541]
[0.7163631562945064, 0.7394233230926779, 0.7224540083443003, 0.7176398758882995, 0.728457532051282]
[0.8732243677847723, 0.9049685788688392, 0.8881504893065587, 0.8970147219193019, 0.9054185418541854]
[0.6933078363284313, 0.6916686674669867, 0.6950015001500149, 0.7002130181305657, 0.7125547480386966]
[0.8142412628999123, 0.7981438143814381, 0.8246883424195797, 0.8075806658541278, 0.805071524577573]
[0.7993603676085034, 0.7941105826968344, 0.7728032248887036, 0.7643971710821733, 0.787562422160017]
[0.8049402588250367, 0.781817598871415, 0.8024150934332517, 0.7727611044417767, 0.7659142916579987]
[0.808982493479061, 0.8009072580645162, 0.797760210803689, 0.7945254262381011, 0.7891905737704918]
[0.8739383012820513, 0.8952964743589743, 0.884385016025641, 0.8701436891961085, 0.8700467319633824]
[0.7022052793900581, 0.7218647973881314, 0.7431736620377595, 0.7169634714155427, 0.730191683066929]
[0.7950974859004686, 0.80866511194403, 0.7997431630154743, 0.8060264105642257, 0.7967548076923076]
[0.7996207939327029, 0.7919487538784906, 0.8314775949630722, 0.8234345423184821, 0.7987988108147039]
[0.8029756284905025, 0.8141487338604745, 0.7923486096580363, 0.7670110680442722, 0.810826922076727]
[0.8090477790578597, 0.7883353156248624, 0.804648967362825, 0.8053969486113501, 0.772625050020008]
[0.7885496580344888, 0.8044574295836739, 0.8107759999999999, 0.7936045697645115, 0.798760343832189]
[0.8208094804449775, 0.8007232462877624, 0.8301313205252822, 0.7941807068913103, 0.8185874349739894]
[0.8218787929770589, 0.8047244724472447, 0.7787526355165612, 0.8331190856630265, 0.8181971012404385]
[0.8735799999999999, 0.9085435791354601, 0.8998755596813368, 0.8984764055019134, 0.8842341477463638]
[0.7175098303538927, 0.714251973547261, 0.7054546765529425, 0.7298939425495441, 0.6964685078275341]
[0.8198069144838214, 0.8199439775910365, 0.8079253650102459, 0.8071787952890912, 0.823117169874718]
[0.6724338685734179, 0.6931647726590906, 0.7150353639060005, 0.6814916154633897, 0.6893986758364193]
[0.8610514442057768, 0.8425036809423212, 0.8800715202860812, 0.8619647859143658, 0.863402753576164]
[0.7928503787878787, 0.7897995802560117, 0.7768297171018945, 0.794991273158156, 0.780332532051282]
[0.8985378537853785, 0.872862768954918, 0.8649871395370233, 0.8582220639487192, 0.8883553421368549]
[0.8103268240575153, 0.8011528184450951, 0.8061195916538657, 0.8198219821982198, 0.8093209320932093]
[0.9223172034193231, 0.9285894292194519, 0.9198618265947781, 0.9222932025552919, 0.906082543951272]
[0.8282715336892222, 0.8183294310090448, 0.8248032362485446, 0.8184411749406808, 0.8288771765534517]
[0.8168321785527017, 0.7967556755675567, 0.8085635657889993, 0.8353695919602178, 0.814069025104401]
[0.92612, 0.9332915728058657, 0.929697469108888, 0.9318579219667172, 0.928074849197587]
[0.8106158794162825, 0.806870558863069, 0.7811639779783626, 0.7682753541393983, 0.790630682823991]
[0.7091461656736499, 0.6674329931591343, 0.6990211647619313, 0.7214086471408647, 0.7415389048299377]
[0.8938504301574841, 0.8969151815022979, 0.8796706293818485, 0.891938950730694, 0.883189275710284]
[0.8435253309648691, 0.8568968413978495, 0.8583378337833784, 0.8822408963585435, 0.857563430253721]
[0.8582418241824183, 0.8768194254171169, 0.8668216031909419, 0.842063368253473, 0.85079631852741]
[0.6872349957599321, 0.7318343460364574, 0.6927893022733471, 0.7079553272852365, 0.73734693877551]
[0.7972214993494146, 0.8025359999999999, 0.7691042464552844, 0.786964, 0.7666482619550605]
[0.864564445565202, 0.8878697289488112, 0.879133240460521, 0.8818470113396117, 0.8681898910382566]
[0.802826710856539, 0.7965791863167452, 0.7658240509570449, 0.7874173351907895, 0.8233725998775173]
[0.8495419309372797, 0.8269252308036928, 0.8420062143635083, 0.8417649859372436, 0.849557202676036]
[0.8171799999999999, 0.8048297466303396, 0.7638963896389639, 0.8110671810093776, 0.8001120448179271]
[0.8073876728110599, 0.8070642172472835, 0.8037484144862935, 0.8115310600877772, 0.7919975614060419]
[0.7976511792301266, 0.78975479193922, 0.7838073627635775, 0.7891387237860267, 0.8015324014026995]
[0.7908830130705617, 0.7888843998383943, 0.7976935670261942, 0.816164437277678, 0.8084195232763015]
[0.8024673579109063, 0.7810362229449367, 0.8013408214531432, 0.8040129947644398, 0.8142192568770275]
[0.7436847240793611, 0.797872, 0.7677516390590061, 0.784112732859612, 0.7780351770053132]
[0.8201904487433505, 0.7740032261808982, 0.7968972131784342, 0.8151853866956842, 0.8089510914794186]
[0.7524590098360393, 0.7126164298060303, 0.7280528846153845, 0.7630058728456898, 0.733751537219745]
[0.8838837997590835, 0.8983934746413935, 0.8724493881734897, 0.8850540180019948, 0.8884394174850607]
[0.730191117459022, 0.7292370101294586, 0.6840907363629454, 0.7226880325453264, 0.7536694729502844]
[0.8165773967862842, 0.7764889065007946, 0.7999727843237706, 0.8054089947238101, 0.8145702520019689]
[0.789764, 0.7860311441245765, 0.7834576173493282, 0.7684633853541417, 0.8085449367189874]
[0.8694717629117283, 0.8547155242427515, 0.8636900259725707, 0.8696953090311251, 0.8475601946721312]
[0.8046819872987363, 0.8216593528475671, 0.7935411693908295, 0.8182131631278466, 0.8243276912443138]
[0.7886217595836251, 0.8242230482676386, 0.8121279985872475, 0.7877856731323218, 0.798932526726842]
[0.9223172034193231, 0.9285894292194519, 0.9198618265947781, 0.9222932025552919, 0.906082543951272]
[0.8616672879813685, 0.8331151858656451, 0.8392678908570534, 0.8477535640570251, 0.8681338901422421]
[0.8413534412022684, 0.8450132936126593, 0.8191699169916993, 0.7994747915966655, 0.836174617858244]
[0.7933831735326942, 0.8178770860333765, 0.8257545722855621, 0.7763326447935182, 0.7998199819981998]
[0.7830814395998695, 0.7736985796864742, 0.7687990751963008, 0.7921842981557377, 0.775961661546339]
[0.8495983421612712, 0.8637733960564509, 0.8610319886063592, 0.8615751408090118, 0.8458978579237597]
[0.7872067206720672, 0.7568863329851647, 0.7682078125812895, 0.7835615780693016, 0.787971580588642]
[0.7895381217591703, 0.7997467532727731, 0.799740790668464, 0.8217446978791517, 0.819224271829114]
[0.8954477779200819, 0.8865715462861851, 0.895646081473326, 0.8952533025984577, 0.9016433465676229]
[0.7952460984393758, 0.8165, 0.8081821133518525, 0.8257355383144138, 0.8114302872585327]
[0.8022168798076731, 0.790680701754386, 0.8136372909424738, 0.8041496598639456, 0.8052352620437487]
[0.7022797836246079, 0.6883820564516128, 0.681534904558473, 0.6985263225284992, 0.6900533676849466]
[0.7983270929339479, 0.7733038389382016, 0.7911950742345499, 0.7607411052566303, 0.7913724046591095]
[0.810289736690371, 0.7903020609937843, 0.7948631727274182, 0.8072916666666665, 0.7797084753356053]
[0.6724338685734179, 0.6931647726590906, 0.7150353639060005, 0.6814916154633897, 0.6893986758364193]
[0.8045898359343737, 0.8026893084177995, 0.7958487335797372, 0.7763481642401912, 0.772536057692307]
[0.748148103658146, 0.7625882014112225, 0.7450787401574803, 0.7534933973589436, 0.7288447608642583]
[0.8027266432108104, 0.8034187692110656, 0.8311516858427613, 0.7795272435897436, 0.8073889182226914]
[0.8349053584857358, 0.8299698789156409, 0.833289322066449, 0.8148085835947108, 0.823170927029278]
[0.7241466235060159, 0.7562841442509493, 0.7614799999999999, 0.7532520536653876, 0.7311822792207531]
[0.7092190069253574, 0.7240454547273958, 0.7112180718263875, 0.7129717424615225, 0.7024049539170507]
[0.9018418652285928, 0.9046583701710551, 0.911445320007688, 0.9064705035280565, 0.9047314140279237]
[0.7585016025641026, 0.7223322292626728, 0.7378889515558062, 0.7577775900832961, 0.7255662264905962]
[0.791827275238061, 0.8059023109916138, 0.8037770280815915, 0.8027805457841597, 0.8255542216886755]
[0.8372168505243248, 0.845577241442893, 0.8456513826055304, 0.8464558896481095, 0.8350622406639004]
[0.7686707704415774, 0.8111045746141133, 0.803960396039604, 0.8275208198831407, 0.8036243624362435]
[0.8066848529276274, 0.8148694869486949, 0.784747138988556, 0.8006312403993856, 0.804672968226856]
[0.8919611961196119, 0.8821141138258212, 0.8806500904014463, 0.8703539946942809, 0.8656284636222135]
[0.7058825883709017, 0.7182727814651672, 0.6736226944907779, 0.7116633866141858, 0.7033373201435251]
[0.8091769468311494, 0.7535887369486832, 0.7505155960290095, 0.757812030827745, 0.7570963908926149]
[0.7908104474745535, 0.793449645174087, 0.7963556355635564, 0.7883749373433584, 0.7884184762797479]
[0.7837836215898317, 0.7975540161438136, 0.8021202120212021, 0.7968175862220959, 0.7674800685194672]
[0.8042438194374937, 0.8165478772854042, 0.7914202782504254, 0.8125120625321667, 0.7935683483223522]
[0.9228710102073071, 0.9243836975347902, 0.9242286025222458, 0.9183071024049029, 0.9293978332879935]
[0.7927074366930238, 0.7956319438609968, 0.7771231516044794, 0.7718687474989996, 0.7443035339706329]
[0.6710158695800313, 0.7286568656865686, 0.7048164559242047, 0.7417614307271716, 0.723902060474177]
[0.7685630742522971, 0.7748830995323982, 0.766324, 0.7665220668420039, 0.764551378446115]
[0.8692136854741896, 0.8863231544524098, 0.8718178867522309, 0.8659193273946553, 0.8731475802798722]
[0.6724157934955252, 0.6824731045081966, 0.6710281570136525, 0.6729595015576323, 0.674532]
[0.7700059276822762, 0.7763708006140995, 0.8023838895208191, 0.7882071528286113, 0.7696850393700787]
[0.7376232078853046, 0.7414158626538024, 0.751943380902657, 0.7653838593338174, 0.7484908490849084]
[0.9018418652285928, 0.9046583701710551, 0.911445320007688, 0.9064705035280565, 0.9047314140279237]
[0.8451405140514052, 0.8122648351692385, 0.8136800755248336, 0.8208451335221363, 0.8298429842984298]
[0.764295207442635, 0.7333816852928567, 0.7609385440882845, 0.7597335799000123, 0.759349346305868]
[0.8932475729902918, 0.905729700307377, 0.903934393439344, 0.8959159999999999, 0.8925211213517665]
[0.8114389134473701, 0.8446804506008947, 0.8170108043217287, 0.8292886895354095, 0.8044213597524807]
[0.8045192180768724, 0.8010640000000001, 0.7912151215121511, 0.8124952490688174, 0.7732100802640222]
[0.8045659688880354, 0.8211648728297778, 0.8124239951356887, 0.8085356821139025, 0.8170282898105478]
[0.7893309294871795, 0.7737529001158042, 0.7829927884615383, 0.7852801268498942, 0.7933711030023683]
[0.7279909119636478, 0.7222562943187785, 0.7354345864661653, 0.7342577030812325, 0.7272020933977454]
[0.8093070915939176, 0.8014064258282574, 0.8077469495235694, 0.8219526049667177, 0.8176263692091246]
[0.7759598997493734, 0.808054378658217, 0.8103154407528328, 0.7882504970974311, 0.7917386712749614]
[0.8494393977575909, 0.8112284913965587, 0.8039001729041888, 0.7999607985887492, 0.804471086997463]
[0.8617203509221313, 0.8427697414843801, 0.8867802804146513, 0.8742349828484056, 0.8545883088615511]
[0.8061900132425955, 0.7950958387844017, 0.8085159999999999, 0.793587158312528, 0.7855718883604745]
[0.8176843317972351, 0.8499183163559485, 0.8591572415173656, 0.8392473311958883, 0.849777596441543]
[0.8871957443231625, 0.8685737163447104, 0.8797159999999999, 0.888828, 0.9047720178394688]
[0.807836328431294, 0.7796926204090125, 0.8213415682964587, 0.7997967967487479, 0.7926912691269127]
[0.8933411738351256, 0.8852091024608069, 0.8947732959663698, 0.9035875791377751, 0.8991614792530124]
[0.7189301037397541, 0.6963699540439705, 0.7256969464059823, 0.7438209980033531, 0.723334333433343]
[0.8036294517807123, 0.8209595746306776, 0.8188971628924344, 0.8045754928315412, 0.8158052884615385]
[0.9221227677767597, 0.9281856587348578, 0.9061615963572197, 0.9239401895491803, 0.9296928792173064]
[0.9136840336268951, 0.8760516051605161, 0.8997246507888654, 0.9143656574626298, 0.911973296618852]
[0.7696885292481561, 0.7767730986146636, 0.7928519999999999, 0.7795702828742477, 0.7735230940923764]
[0.7822825947745901, 0.791033908882879, 0.7651715356525082, 0.7722915594441585, 0.7721831943799906]
[0.7907351629406518, 0.8204528087505151, 0.7940148169482846, 0.8081906849931135, 0.7692613408269771]
[0.8156704951638979, 0.829484, 0.8453108990778688, 0.849327731092437, 0.845165327044327]
[0.6892070845885794, 0.7597118847539015, 0.7350260651087615, 0.773821524577573, 0.759310275689223]
[0.8226341549309866, 0.7918187055886307, 0.8195433921613384, 0.813910203297429, 0.7689943876343416]
[0.7305590331278891, 0.7319797116753868, 0.7253514074323322, 0.7153262178894585, 0.7517711818064848]
[0.7724144289316193, 0.7478629230652304, 0.7685742247035986, 0.7729934715821812, 0.7450340136054421]
[0.925669431208517, 0.9264041549462024, 0.9149074907490748, 0.9311263683502977, 0.9285628522028688]
[0.8114397285705139, 0.8197606327509585, 0.8053358458257819, 0.7946225290014817, 0.8247499999999999]
[0.8121370743439825, 0.7779520250916132, 0.7859051917290826, 0.7936739190637303, 0.7650398729188256]
[0.7926565701844263, 0.7937431749726999, 0.7757273356567528, 0.8092916971814358, 0.7944487111793789]
[0.8153831990425529, 0.7923447196891793, 0.7950115011501149, 0.8084025133053809, 0.8089050797004032]
[0.783412, 0.8043632174528699, 0.7949240000000001, 0.8134857728459112, 0.7950980392156863]
[0.710092022207012, 0.694901052023863, 0.7258623449379752, 0.7323669294677178, 0.717624]
[0.8054674865094235, 0.8204540362332757, 0.8273252372037954, 0.8113051305130513, 0.7926113518249576]
[0.8234031648407971, 0.801304535844705, 0.819980308657787, 0.8149973596197853, 0.8151510421044627]
[0.827188143335049, 0.8037724222648137, 0.7780777969790067, 0.7866005856093699, 0.822359778272641]
[0.7866261787310312, 0.7720058759721573, 0.750947640605049, 0.7816381638163816, 0.787097496959221]
[0.8734612780855555, 0.8710957501280082, 0.8787569617822162, 0.8770929148104117, 0.8943937575030012]
[0.794822627037392, 0.8054311219968096, 0.7922603419569674, 0.8139443697586582, 0.774034784210547]
[0.8641889294637709, 0.8889360424381945, 0.8829021264340229, 0.8514120834483889, 0.87751559056126]
[0.8248787049046453, 0.7962419824022984, 0.8037590492664488, 0.795071180284721, 0.7840500322104362]
[0.7782926936637333, 0.7947744475204429, 0.7876023700645326, 0.7809884623385768, 0.771812335831891]
[0.752652, 0.7120585364292458, 0.7517290069160276, 0.7119026258030408, 0.7003033350830866]
[0.794822627037392, 0.8054311219968096, 0.7922603419569674, 0.8139443697586582, 0.774034784210547]
[0.7828936575450446, 0.7660010240655402, 0.7863312316973643, 0.7801700170017002, 0.7700454525396054]
[0.7889313711345163, 0.8093705465084626, 0.7858660297418294, 0.7956660585778776, 0.8026755852842808]
[0.7827582758275827, 0.7630729425335234, 0.7543451123487613, 0.7748638733191706, 0.7933119629900872]
[0.7578563108661455, 0.7723342592926633, 0.7870880715363586, 0.7671782630288855, 0.7944069662696426]
[0.7886136890254882, 0.7929543859649123, 0.7760391041564166, 0.7970207709910228, 0.7932519339360251]
[0.696909304103186, 0.7246476927327992, 0.6727707676341065, 0.6956882155772073, 0.6984251715953556]
[0.8032243224322432, 0.7882217847769029, 0.829051906779661, 0.7858305830583059, 0.8240349873358968]
[0.7685267245685559, 0.8008987016526972, 0.7690009651156736, 0.7755428507280775, 0.800157031616778]
[0.7107291049199763, 0.6600698626354939, 0.7110777243589744, 0.709805427547363, 0.6893249324932493]
[0.8145334533453346, 0.7996165791495902, 0.801544, 0.798144, 0.7889795918367346]
[0.9123531178060253, 0.9169597241059246, 0.9187652478171546, 0.9137877186238709, 0.915922619047619]
[0.6831737488536748, 0.7336077377238036, 0.6935862323018772, 0.6812947251789008, 0.6761694736168031]
[0.7788166111865533, 0.7427203525641025, 0.7793458781362007, 0.8073907681465822, 0.7938767020272324]
[0.7301196425139344, 0.6930107720430881, 0.7121955903357059, 0.720543624807396, 0.7393099309930993]
[0.8606817709083345, 0.8844541512664201, 0.8657823129251699, 0.8793024084280974, 0.8696913520801232]
[0.7176913626195078, 0.7246815184687281, 0.7363951292882744, 0.6974265411945457, 0.70180538494472]
[0.8602942649185424, 0.858398902360485, 0.8938311909134191, 0.8696172248803828, 0.873835271713255]
[0.8431491803344284, 0.8278592117264887, 0.795388, 0.8255613748478443, 0.8167400810558869]
[0.8029368292526188, 0.8047119853020641, 0.7841405611330586, 0.8137626363767443, 0.7856361954419308]
[0.8050475230414746, 0.8111732022352804, 0.8128412841284128, 0.8294450844854071, 0.8169962894916964]
[0.9134748850958635, 0.907048, 0.9156696457172144, 0.9105621600808587, 0.9017901790179018]
[0.8486095688697918, 0.818492150200697, 0.8289201124046567, 0.8352243569183398, 0.8294673178692716]
[0.9004706711065574, 0.9156899008822916, 0.9155995599559956, 0.9065306530653066, 0.90918721109399]
[0.791827275238061, 0.8059023109916138, 0.8037770280815915, 0.8027805457841597, 0.8255542216886755]
[0.8464865384384348, 0.8590570699728887, 0.8535589124833977, 0.8662503409218528, 0.8477142537122375]
[0.8390096966205838, 0.8528243822102188, 0.8255333461464539, 0.8156938619366365, 0.8203084935897434]
[0.762171227749959, 0.7949149553535645, 0.8111192046618853, 0.7770084321349141, 0.7835540002645596]
[0.728996, 0.6987850456058549, 0.7068727272727272, 0.7211139601025638, 0.7559819150938484]
[0.6999002830674215, 0.7354157666522665, 0.7215336824070071, 0.7148790090263107, 0.718729998719918]
[0.7793329088426221, 0.7648981453329279, 0.7798456140350878, 0.7556320688619758, 0.7849144914491449]
[0.8435253309648691, 0.8568968413978495, 0.8583378337833784, 0.8822408963585435, 0.857563430253721]
[0.8617203509221313, 0.8427697414843801, 0.8867802804146513, 0.8742349828484056, 0.8545883088615511]
[0.7817321423571248, 0.7635125120674254, 0.7856982793117246, 0.7978557855785577, 0.779090807192839]
[0.7618727598566308, 0.781498245150653, 0.769247699079632, 0.7689203027248436, 0.7621301940831053]
[0.8268706870687068, 0.796244063836512, 0.811542467948718, 0.7992905752439652, 0.7967987390184186]
[0.7453829815319262, 0.7373717948717948, 0.7444440000000001, 0.7491319444444444, 0.7386553239960852]
[0.8459744550803828, 0.851990746670082, 0.8315934362733526, 0.8394648829431439, 0.8367050345310778]
[0.8082181345820771, 0.7622281956511304, 0.7843737494997999, 0.7815222567722778, 0.771758049608073]
[0.899057905790579, 0.904173867127496, 0.9083583441190259, 0.9105791233937687, 0.9218116872467488]
[0.8383251038200159, 0.8129138011189663, 0.8237945056352459, 0.8252754333097219, 0.827960259123956]
[0.7908747833951633, 0.7927734961465318, 0.7949191796767187, 0.7967570511511307, 0.7930685504678168]
[0.7047603423509218, 0.6735276923569735, 0.6643212799282163, 0.6971915602620997, 0.664719551282051]
[0.796560125784654, 0.8022142968646805, 0.8167493258859785, 0.8116400000000001, 0.8139783653846154]
[0.8741987789010108, 0.8544439983942191, 0.8724472447244724, 0.8545226894521251, 0.8513663870389344]
[0.7399657249023, 0.7678836438111772, 0.8047660804663976, 0.7670613191060258, 0.7840282250161005]
[0.864564445565202, 0.8878697289488112, 0.879133240460521, 0.8818470113396117, 0.8681898910382566]
[0.9124945999135987, 0.9101731080842599, 0.9025562175667884, 0.8954844095537388, 0.924126158543671]
[0.8698748873986588, 0.8621919584954604, 0.8236153004939133, 0.8613371718991251, 0.8537027332983987]
[0.7825765212243396, 0.7867478415408817, 0.7930438332152763, 0.8018153161802356, 0.7780885053470479]
[0.7578563108661455, 0.7723342592926633, 0.7870880715363586, 0.7671782630288855, 0.7944069662696426]
[0.8053552214208857, 0.7997311612872254, 0.8134555596013109, 0.7867958740108314, 0.8334233942144889]
[0.7922035295860002, 0.822807270224964, 0.7873431493725974, 0.8063130676337205, 0.8322110460277831]
[0.8343845485381101, 0.8276951881070874, 0.8247636914928937, 0.8214952859811439, 0.812951772248719]
[0.6910268270120259, 0.7124103483606558, 0.6938976377952756, 0.681294987095016, 0.7034112545800733]
[0.722673004289098, 0.699622798491194, 0.7185328324351572, 0.6980153577325702, 0.7111784129895306]
[0.9100618797992914, 0.8993162659881335, 0.9054186639755557, 0.9096519595286886, 0.907949790794979]
[0.8184634349385246, 0.7550766448329258, 0.787133347201997, 0.7948020307823, 0.7633673803205991]
[0.8162562403993856, 0.8087460569086163, 0.8158642153097798, 0.8052913484171591, 0.817404313876088]
[0.806960911374582, 0.7965242954869511, 0.8045120608547693, 0.8031036469251572, 0.8318855309120154]
[0.8949448720615768, 0.8998375896057348, 0.888448543658228, 0.892700531336022, 0.894437243983615]
[0.8106472425889705, 0.7775999935997695, 0.8061801137459031, 0.7905155043883368, 0.7899812182883413]
[0.8164435946462715, 0.81574, 0.7942351769407078, 0.7998287561615773, 0.8036969330895911]
[0.7652639669500889, 0.7473703613173638, 0.7392579539419689, 0.7775257525752576, 0.7484190893954917]
[0.8222906266001024, 0.8088488848884888, 0.8334034143469852, 0.7927405386593918, 0.809235670064311]
[0.7979661695525974, 0.8245670891748288, 0.8190988432722079, 0.8218141814181419, 0.8006049548684464]
[0.7292209429363812, 0.7172193611525566, 0.6880909414650347, 0.7232400655157363, 0.7098388549694725]
[0.7023651405802436, 0.7000280112044818, 0.6875230180461481, 0.6731150793650794, 0.709890004361413]
[0.7130194083105329, 0.7072098382167031, 0.7170988395358143, 0.6729749310533921, 0.7329709101382488]
[0.7688779794586913, 0.7833482434779818, 0.7725790903163612, 0.7481581085245259, 0.7657645764576457]
[0.7312316645024769, 0.7307787877330512, 0.7213135097916766, 0.7357335733573358, 0.7645522328357253]
[0.8879120879120879, 0.9053748373536182, 0.908994899489949, 0.8813386814340496, 0.9029257872503839]
[0.9005729166666666, 0.917071668286673, 0.9047579001325532, 0.90476857166858, 0.9127557328574458]
[0.8035609164193808, 0.7959231836927348, 0.8058992408226023, 0.82035779592588, 0.8005981533520674]
[0.9178150257053441, 0.9056660421770668, 0.9018508649257289, 0.8960263125252581, 0.897127588510354]
[0.8811523937532002, 0.8790201165993977, 0.9045057807979061, 0.8932915731662926, 0.906669761002564]
[0.8615600000000001, 0.8962202639295014, 0.8669665011163622, 0.8742992824652445, 0.8732166018158236]
[0.8108453372098146, 0.7598421888691936, 0.7618189896369945, 0.7865323380696365, 0.7953367253876062]
[0.7851816700105323, 0.76364349273414, 0.773991218063411, 0.7774269707883152, 0.7709877555592]
[0.8567380668569067, 0.8699040551412754, 0.8810681068106809, 0.8933851766513057, 0.8642903165131923]
[0.6740782538748754, 0.6838187143195761, 0.6796433615819208, 0.6987405783802628, 0.712535400566409]
[0.8127532591173283, 0.8119732310363174, 0.8207799498746867, 0.8260126012601259, 0.8359560189634185]
[0.796630859375, 0.7827045232723724, 0.8207491987179487, 0.7953166313987303, 0.8179370869933918]
[0.6780563296815939, 0.6987429536189093, 0.6873135704663544, 0.7119189783389599, 0.690145416514732]
[0.7933719920441493, 0.8396014684429054, 0.811631110256903, 0.8360057928920733, 0.8050472201888808]
[0.7600534476964683, 0.7248028992115968, 0.7660147511395514, 0.7419261683592434, 0.7755073455552486]
[0.7888772810419844, 0.7928233933851034, 0.7994587756801332, 0.7824380760368663, 0.786497022284836]
[0.9016727278546595, 0.900796318527411, 0.9019802415982779, 0.9093037589651639, 0.8984973836232417]
[0.7001180472188876, 0.6945960873463115, 0.7358334934973414, 0.718268719064977, 0.7181006646153352]
[0.9240064026701862, 0.92738283812541, 0.9191934554303278, 0.9247446529200821, 0.9194130988715594]
[0.786375145500582, 0.7976910522273426, 0.809196479716711, 0.7718767507002802, 0.79245086742206]
[0.7091349904581299, 0.7205404583573396, 0.6918441575070323, 0.689077513516542, 0.6734037095817502]
[0.9046378968253967, 0.8845417707732718, 0.8923257415593567, 0.914364917137017, 0.8896980932203389]
[0.7733019653031177, 0.7704430817723271, 0.763824221187539, 0.7872694672131146, 0.7670428171268506]
[0.8063676075268817, 0.8370015681003584, 0.8266426642664266, 0.8368840292697369, 0.8281480058895077]
[0.7111193779100466, 0.7291969196919692, 0.7123303022540983, 0.715574337979582, 0.6913620278298185]
[0.8894969496949694, 0.8974369236680328, 0.8811970773696327, 0.9027903260131948, 0.8792309634194719]
[0.8544456052291349, 0.9004437437729823, 0.8934599789457673, 0.8628242466915237, 0.8664994559651817]
[0.8040445104213766, 0.7925293430049158, 0.779318021654174, 0.7784908431965131, 0.7989765379937264]
[0.8073876728110599, 0.8070642172472835, 0.8037484144862935, 0.8115310600877772, 0.7919975614060419]
[0.9088309795061997, 0.9219510438012295, 0.9077716310865243, 0.9202955956724921, 0.9258114871497771]
[0.8122369957919326, 0.8113030153910167, 0.8056400121617513, 0.8270363729508198, 0.8011089980982885]
[0.8942401926469353, 0.8777735975922132, 0.8619426292523544, 0.8798890840632365, 0.8761640634066887]
[0.8304974374434732, 0.7896665386584742, 0.8146197353600217, 0.8041365402390375, 0.7781241995389344]
[0.8425143305158984, 0.8378704535249215, 0.8283637121467162, 0.824745650147429, 0.8301638921463143]
[0.8762277406371649, 0.8851441623065969, 0.9000324063516448, 0.8867513074236053, 0.9128309148593124]
[0.7244183162375382, 0.6778122445053624, 0.7212971078001753, 0.7105939120414826, 0.7307589230356921]
[0.7740347872710757, 0.7984830982977973, 0.769448424500018, 0.7649038461538461, 0.7981383244920428]
[0.8723263993568485, 0.8545550559280536, 0.8750595059505951, 0.8538903837529631, 0.8493202840699595]
[0.8091363929514218, 0.7946199999999999, 0.798003201280512, 0.7890556540319063, 0.7927326837229395]
[0.8382718271827183, 0.8203970721829364, 0.7941748271889401, 0.8097449559192946, 0.8169936998028182]
[0.8480728891450897, 0.8542074168296672, 0.8577070828331333, 0.8404245947850599, 0.8736716264627655]
[0.767470810267741, 0.7615726290516206, 0.7911640476428785, 0.7925445316031378, 0.81094377992346]
[0.859935439741759, 0.862803738317757, 0.8559714238856956, 0.8620005690037226, 0.8637217402496069]
[0.7322359999999999, 0.7121000100816613, 0.7359241873066564, 0.7417950287939361, 0.7730253025302529]
[0.6897973232581968, 0.6737661027937522, 0.6644601017860572, 0.6754020608628659, 0.693974303415511]
[0.8006721706143671, 0.7903340867920293, 0.785086508650865, 0.81445, 0.7866963210675584]
[0.925669431208517, 0.9264041549462024, 0.9149074907490748, 0.9311263683502977, 0.9285628522028688]
[0.8124919999999999, 0.8071276561699948, 0.8067057823947161, 0.8068019686112313, 0.813673469387755]
[0.7782926936637333, 0.7820198178360525, 0.7539891699642738, 0.7584270787060937, 0.77352662262573]
[0.9092865485847774, 0.8883995596036433, 0.892082273316373, 0.9010170686471264, 0.9080378307386762]
[0.8395628494312704, 0.8044502702007206, 0.7852796592528543, 0.7933634085213034, 0.8121959805427547]
[0.9100238644371836, 0.9067129379460516, 0.9143705197132617, 0.8905359772101658, 0.9065438895005505]
[0.6539528822055137, 0.6928124211361206, 0.661276440729532, 0.6777080106771678, 0.6724052216306369]
[0.7030340472818739, 0.7251500600240096, 0.7000100090081074, 0.7073314639327017, 0.7181187614952776]
[0.7916204983379402, 0.7673550694202776, 0.779848074530683, 0.7951480210404773, 0.7728125]
[0.7491404936795696, 0.7361482850638725, 0.732843166700706, 0.7382406951762545, 0.7372097209720971]
[0.719094372273563, 0.7193409908342034, 0.7218527943153448, 0.7029846862175958, 0.7383669534678137]
[0.8145386281126042, 0.8185298928731799, 0.7835482077354784, 0.7978850342750976, 0.7817781778177816]
[0.8270313081252325, 0.812864, 0.7963345338135255, 0.7883420601751774, 0.8059254807692307]
[0.7559312135236869, 0.7724752364340465, 0.7752003238853413, 0.7384416385341455, 0.7788289532133552]
[0.7634163416341634, 0.7501912210515356, 0.7451670510602857, 0.7505724487998591, 0.7325641025641025]
[0.7042651479577299, 0.7264063756496274, 0.7329156240616554, 0.7277621994391796, 0.7229487179487178]
[0.906713293996531, 0.909134220798719, 0.9162540064102563, 0.896878354347234, 0.9036962212040677]
[0.7935542718151414, 0.8222318425788968, 0.8131290100641612, 0.7956163131823208, 0.7875377192557808]
[0.7111193779100466, 0.7291969196919692, 0.7123303022540983, 0.715574337979582, 0.6913620278298185]
[0.8285884745979882, 0.8233373741253285, 0.8181778140816196, 0.8063662812801395, 0.8104102199800127]
[0.7989468587822455, 0.764686966134057, 0.7687723432565448, 0.7619360000000001, 0.7776097609760976]
[0.9224235583254279, 0.9272397089588358, 0.9176121361476053, 0.921038647342995, 0.9057981492192018]
[0.7894941649850966, 0.7919488879281357, 0.7632132853141256, 0.7470509882039529, 0.7559396978484115]
[0.8038618048991493, 0.7827010804321728, 0.7975043108449256, 0.7722203555256884, 0.7926488182171024]
[0.7709693420378905, 0.7731758582724452, 0.7581841309460952, 0.7601054551855468, 0.7744758811317207]
[0.8717471672748225, 0.8759115036460146, 0.8622855220365594, 0.8496023745519714, 0.858946353485283]
[0.8455438247969369, 0.8358544472449401, 0.8609512135523696, 0.8694913079735711, 0.8834173669467787]
[0.8070992283969136, 0.794609843937575, 0.7841151791760667, 0.7984710657618199, 0.8244215866309796]
[0.8553874215496862, 0.8619121153446095, 0.8603526291153065, 0.8620318286457812, 0.8581636899046156]
[0.7932526920430727, 0.8118178608115049, 0.7960986382039014, 0.8307901024095663, 0.8026813255398056]
[0.685998743994976, 0.6848036329997478, 0.6639655690121109, 0.6819407978995903, 0.6948567794271177]
[0.8086034413765506, 0.8096158540733716, 0.8134532671132115, 0.8123636859323882, 0.8265008960573476]
[0.8341639381099127, 0.8607466720048043, 0.8692414853244945, 0.8637621078965938, 0.8549160719509215]
[0.7517841105908012, 0.7561719989105882, 0.7334357534076679, 0.7872967915402771, 0.7684122945967135]
[0.8268492295876734, 0.857996, 0.8496378336560162, 0.8460458305996063, 0.8463581669226828]
[0.7764154273154611, 0.8421735428314376, 0.835628693269574, 0.8169797187138228, 0.844816]
[0.9280355798946374, 0.9189308115719406, 0.9281099095422702, 0.913471679197995, 0.9289974439079806]
[0.7632516329405739, 0.7626994571804584, 0.7838999515300094, 0.7780992396958784, 0.780172086195103]
[0.736746946987788, 0.7613114072106596, 0.732457264614941, 0.7290719999999999, 0.7739453945394538]
[0.7700059276822762, 0.7763708006140995, 0.8023838895208191, 0.7882071528286113, 0.7696850393700787]
[0.7464703081804034, 0.7547298919567828, 0.7574708082302151, 0.74844, 0.755774]
[0.7929191716766866, 0.7941431765727063, 0.785788647575117, 0.8139633630963111, 0.7512624440917616]
[0.8035323444796112, 0.7879778752561475, 0.8157112883592799, 0.793013712341107, 0.807671068427371]
[0.8975417541754176, 0.900469667632139, 0.9000880000000001, 0.9110476441905768, 0.9143145161290323]
[0.7469088780550388, 0.7698563177010832, 0.7658933449940024, 0.7894867443647541, 0.7757244115905855]
[0.8411458333333333, 0.8399478047159881, 0.8268471177944862, 0.8134360924832349, 0.8388959999999999]
[0.7990990557719746, 0.77104, 0.7317607042817127, 0.7947434743474348, 0.792381571606885]
[0.7951959899749375, 0.8037233169622665, 0.7773177317731772, 0.8058320398137332, 0.7960482290760901]
[0.7899371597486389, 0.8055062024809924, 0.7565216695474042, 0.7764039505422196, 0.7682682702761252]
[0.8390431802165418, 0.855512590397488, 0.8401467000513612, 0.8680315540194572, 0.8140357475822165]
[0.8798337896911178, 0.8821052631578947, 0.8953704151942038, 0.8877644230769232, 0.8853219454405736]
[0.9089501542302291, 0.8928084772118822, 0.9226944249824843, 0.9059642123225938, 0.895214323429175]
[0.9009676038704154, 0.9100817985244973, 0.9119408298698755, 0.8970112568253511, 0.8988995955983823]
[0.7194463457297133, 0.6971898056613782, 0.6985654949002502, 0.6827935684522737, 0.7078468313873256]
[0.7578563108661455, 0.7723342592926633, 0.7870880715363586, 0.7671782630288855, 0.7944069662696426]
[0.9046756187024749, 0.8772201420890938, 0.8960456861120782, 0.8918643172652199, 0.910232293801229]
[0.7028388791874269, 0.7021272340357445, 0.7077027097311073, 0.7015261526152614, 0.6896751763345615]
[0.8036915646023806, 0.7905681440786815, 0.7335667024463706, 0.77149521306176, 0.7725937091749572]
[0.8899862397798365, 0.8989325068870524, 0.8981859355995135, 0.9012670811437002, 0.8868898304067597]
[0.892116464770927, 0.899776248744151, 0.8831123112311231, 0.8908355633422533, 0.8856423435973803]
[0.7091769423558898, 0.725456, 0.7299451120961418, 0.713511416182659, 0.717445861893117]
[0.7892454397021715, 0.8063661592801279, 0.8065726572657266, 0.7842406015037594, 0.7820177689396369]
[0.8845933803025393, 0.8926719287496346, 0.8922699474897541, 0.8824409584278519, 0.8828557828081811]
[0.8114397285705139, 0.8197606327509585, 0.8053358458257819, 0.7946225290014817, 0.8247499999999999]
[0.9165236386331721, 0.8991447241975783, 0.9104982718894009, 0.8905689964157705, 0.9073619852832318]
[0.8530555154779653, 0.8617709976360477, 0.8577715895269189, 0.8625870531339128, 0.8782795131180524]
[0.8453565356535654, 0.8120028545769452, 0.8020058285599438, 0.8164815001512249, 0.8097999999999999]
[0.8082033830447403, 0.8267001329041969, 0.8247610030849959, 0.814864015941165, 0.8108127570370133]
[0.7823, 0.8024712098848394, 0.7862648885758197, 0.8266780288936632, 0.7921557320262222]
[0.7723910895643582, 0.7642937174869947, 0.752996047936767, 0.7712484993997599, 0.7702639999999998]
[0.7788166111865533, 0.7427203525641025, 0.7793458781362007, 0.8073907681465822, 0.7938767020272324]
[0.7247739471882992, 0.7477548271216885, 0.7638955572626592, 0.7702452956989247, 0.735247439041985]
[0.9026883012820511, 0.8981403195236397, 0.9061624649859944, 0.8711679999999999, 0.9010832440329267]
[0.7531476169329189, 0.7590550362201449, 0.7671848657047546, 0.7777417495316329, 0.7987471198156683]
[0.76074, 0.7745181224385246, 0.7820163597048996, 0.7846141527374637, 0.7767267628205128]
[0.7522615948104674, 0.7429121252174472, 0.7394557823129252, 0.744402798500746, 0.7237274022833902]
[0.8073317307692307, 0.8199199679871949, 0.8252530591325518, 0.8368004934394976, 0.8184446001401259]
[0.8201904487433505, 0.7740032261808982, 0.7968972131784342, 0.8151853866956842, 0.8089510914794186]
[0.8076819930272865, 0.7845977811651084, 0.769119960195172, 0.7871933558432413, 0.7768411446137587]
[0.7998925726837989, 0.780415786441329, 0.782516290726817, 0.8133413341334133, 0.7768322591227881]
[0.7407399997599222, 0.6970203709334144, 0.7280755802012734, 0.7134918444015027, 0.7237929047131147]
[0.8791163067961321, 0.8811647082828233, 0.877155172413793, 0.8781169871794873, 0.8578394313577254]
[0.6911067644270577, 0.6720321931589537, 0.7038661897445746, 0.6731949400713702, 0.6480392510552329]
[0.7376870105914317, 0.7224887862717511, 0.7749495483374976, 0.7735876231741422, 0.744068406840684]
[0.8902880800414007, 0.8946290004362112, 0.9131596526386105, 0.8972663562617001, 0.896268250512295]
[0.7821620583717358, 0.7631888440860216, 0.747656, 0.8031314004096262, 0.7633153141617883]
[0.7636603660366037, 0.8022922292229222, 0.7786521218528619, 0.7836221518177162, 0.7998284679138811]
[0.7765652062351658, 0.7952547590701924, 0.7822491332819723, 0.7801093719930721, 0.797699878624734]
[0.7204349705430328, 0.699057438941832, 0.7053445089810038, 0.7071895110748024, 0.695508153174057]
[0.8284214824422347, 0.8045454181608607, 0.8640740338032934, 0.799092746787313, 0.8313885554221688]
[0.7851343835402671, 0.806272412909836, 0.7543434343434344, 0.7921031684126736, 0.7956305708021953]
[0.730048, 0.7445148025328912, 0.7506451703530677, 0.751980031680507, 0.7547368125453823]
[0.76924, 0.6988606359315741, 0.7491079857277717, 0.7351317621081938, 0.7458902491279918]
[0.7784258192524323, 0.8023352093408374, 0.7850696405609701, 0.7735878491625698, 0.761805424995299]
[0.7092190069253574, 0.7240454547273958, 0.7112180718263875, 0.7129717424615225, 0.7024049539170507]
[0.78937915751663, 0.7937411721397732, 0.8034132209217059, 0.7986438643864386, 0.8035829307568437]
[0.7597416111680327, 0.784587417515536, 0.7577790311161244, 0.7941568927588266, 0.7570197019701969]
[0.7681931643625193, 0.7301930193019301, 0.7398415046237838, 0.7475020416006148, 0.7628205128205127]
[0.7933809874487705, 0.780147379628629, 0.766995067980272, 0.8043419115293515, 0.7726534498207885]
[0.8525200320512821, 0.840922368947579, 0.843613991295443, 0.8427653582115825, 0.8447193767133168]
[0.9106705707291316, 0.9028838609469824, 0.9169010759486074, 0.9100023604626506, 0.9057302921168466]
[0.7158597709517543, 0.6747617842988447, 0.6427478071317805, 0.6911079189657449, 0.6832489319829118]
[0.9130680519980279, 0.9089724310776941, 0.9032823282328233, 0.9318945650086422, 0.920454227169602]
[0.9166, 0.9114305828893262, 0.8978038782405405, 0.904226467623482, 0.9276133051954578]
[0.7869519627497379, 0.8076087959897094, 0.7638235388259395, 0.8060758236521418, 0.7834368149013459]
[0.7933809874487705, 0.780147379628629, 0.766995067980272, 0.8043419115293515, 0.7726534498207885]
[0.6947350941705113, 0.7059083580381755, 0.6630924379160267, 0.6813569017104274, 0.669017127356962]
[0.8437840348516882, 0.8340957023199229, 0.8368309294871794, 0.8411806381113633, 0.8475190076030412]
[0.8532788721575906, 0.8524645928629455, 0.8433001572761216, 0.84677186914541, 0.8749859997759964]
[0.8057965796579658, 0.8038181089743589, 0.8186578277369456, 0.8038208611337783, 0.8141401049667178]
[0.9292714733742959, 0.9133593359335934, 0.9311744637023447, 0.9458541386594969, 0.9245274712961074]
[0.8248207885304659, 0.7950632957161394, 0.8045152243589744, 0.7904441038896602, 0.7818093062152138]
[0.7888772810419844, 0.7928233933851034, 0.7994587756801332, 0.7824380760368663, 0.786497022284836]
[0.7605175529634276, 0.7330375456879078, 0.7252870333199519, 0.7673714077613566, 0.7337746542008196]
[0.8599925585414742, 0.8321392139213922, 0.851093109310931, 0.8360780988115573, 0.848232923489025]
[0.8429884475925457, 0.7869169428832204, 0.8070382550524215, 0.7695249524952495, 0.8018191576282861]
[0.8885279480245155, 0.8853657852451725, 0.8966546449446586, 0.8901520454736371, 0.8850180072028812]
[0.7921254145312029, 0.7888104838709677, 0.7884523652047732, 0.7796362676225377, 0.7721827151002627]
[0.796842997951869, 0.8183393634733607, 0.8059608295207561, 0.8226621701725436, 0.8334060235516307]
[0.7656882996269074, 0.7938217583299879, 0.7771564345029519, 0.8185934693648971, 0.7922606761708186]
[0.7704461152882205, 0.7764831059324236, 0.7876256321618335, 0.7645123591188525, 0.793903390339033]
[0.9024448791963225, 0.8983619806670508, 0.8785972410646753, 0.9041045477637195, 0.8981765415619452]
[0.9046852732542314, 0.9129735704954276, 0.9211429531490015, 0.9215420263407489, 0.9031522855675397]
[0.7450798470535314, 0.735110044017607, 0.6779461259249476, 0.6859569662529885, 0.6910635832568917]
[0.784307761270492, 0.7759191036764148, 0.7517111711171118, 0.7388954115058963, 0.7749595683015483]
[0.8155601958525346, 0.7968987534204925, 0.824942448203383, 0.8126840471160617, 0.8260609527772]
[0.781256, 0.7819949874686717, 0.7668332372349286, 0.7801201923076924, 0.7913220072323295]
[0.8233128637752916, 0.8227104555064386, 0.8419915238975664, 0.8068725881090775, 0.7997164324965155]
[0.8036808588937423, 0.8295349423934069, 0.8164265706282513, 0.8177294382597774, 0.8124792259852388]
[0.8923692369236924, 0.895077740948904, 0.8961070394136755, 0.8919914539164873, 0.9070079620450475]
[0.681956195619562, 0.7164326652151639, 0.7153438094284856, 0.680249955993663, 0.711160405716031]
[0.8112459935897436, 0.7779193154915698, 0.8022035173064921, 0.7774678995994703, 0.7963034146966494]
[0.910238255248336, 0.9189647789530133, 0.9346451806625963, 0.9210740309006205, 0.9181387816619969]
[0.6999271988351814, 0.7457342937174869, 0.703334924640251, 0.7368229472917891, 0.7100640256102441]
[0.8564672556174381, 0.8657267297561287, 0.8744989207523898, 0.8627455701078581, 0.858832810729203]
[0.8420021160967633, 0.8593599846242552, 0.8634041258248446, 0.8840806124043118, 0.849526867184859]
[0.8209291348661578, 0.8140618042211087, 0.7797894736842104, 0.7988228185932243, 0.7833085329365269]
[0.7152309392973294, 0.7103782944744044, 0.6912614033609061, 0.7154720000000001, 0.6930883576548899]
[0.8001673713883016, 0.8095077910064034, 0.806005404864378, 0.7868128174036233, 0.7988441342213115]
[0.781974658377126, 0.7903272284836066, 0.7527396681409696, 0.7714190856763427, 0.761952195219522]
[0.7082774497047344, 0.71827987964919, 0.7284793917567027, 0.6813600953607937, 0.6906212570952455]
[0.8381736431131593, 0.8414525810324129, 0.8265078570713642, 0.8242624262426242, 0.8276830732292916]
[0.6962644678356957, 0.702363237811805, 0.7212358579635468, 0.6983546947004607, 0.6764574098670209]
[0.8000768519519195, 0.8119676978068047, 0.782340652875992, 0.7903180557559436, 0.7906450320512821]
[0.7997959642696484, 0.796916689000804, 0.8003032982686391, 0.7797208252817553, 0.804509382541149]
[0.7524790892472129, 0.7899171442187168, 0.7644267730155679, 0.7947927166834668, 0.7878450471811467]
[0.7268117769000196, 0.7548754875487548, 0.7620921934750956, 0.7514580933179722, 0.7234890786171452]
[0.9001986296963458, 0.8824287434765153, 0.8868918500154943, 0.9087686447730619, 0.8941171741533513]
[0.7972231902867741, 0.7600200080032014, 0.812351116004404, 0.7754775477547755, 0.780535122140488]
[0.7709693420378905, 0.7731758582724452, 0.7581841309460952, 0.7601054551855468, 0.7744758811317207]
[0.8695824524312896, 0.8415046237839268, 0.8893169162826421, 0.8440516464818336, 0.8508750860674767]
[0.8918204221407884, 0.888744879672299, 0.8885060151827072, 0.8899638307406698, 0.8818734252260264]
[0.9075347400102459, 0.9124672467246724, 0.9069474038353705, 0.9022596153846153, 0.909578277342359]
[0.7911866359447004, 0.7928868112130348, 0.7822355217169219, 0.7991666666666666, 0.805686274509803]
[0.6856434950026218, 0.6779644067186419, 0.7149596469256039, 0.6833339340277361, 0.6875467591647962]
[0.7942659888382835, 0.7977864661654135, 0.8359050718285561, 0.804987998829936, 0.814925313283208]
[0.7446534093416403, 0.7508840141442263, 0.778915981339874, 0.7581009615384615, 0.7594244126496383]
[0.8936773677367738, 0.8610551703346397, 0.8907382259983416, 0.8721102548903379, 0.882416271772541]
[0.7657862732233442, 0.736089777436439, 0.7578180014083605, 0.822646389903261, 0.776288420614729]
[0.7752799548711549, 0.799169735413269, 0.7792767382406953, 0.8058481219641225, 0.768194524773472]
[0.8932475729902918, 0.905729700307377, 0.903934393439344, 0.8959159999999999, 0.8925211213517665]
[0.7974064753831891, 0.8265507483058547, 0.7756693162732342, 0.7929047131147541, 0.82058]
[0.784176441102757, 0.8198597756410257, 0.7956798129733711, 0.804880791722897, 0.7696450291274566]
[0.744167906686507, 0.774014827624858, 0.7520642972588053, 0.7617448854863613, 0.760596]
[0.7024552392838286, 0.7233065165891025, 0.7136828547314189, 0.6957201837064537, 0.6991511864189826]
[0.9206921008659276, 0.9197371527819465, 0.9128337922643442, 0.9168716871687168, 0.9141276565106262]
[0.881331328320802, 0.8698775784807238, 0.8861832272128034, 0.8803523170853769, 0.880065355551017]
[0.7824740783410138, 0.8172675574978289, 0.7913779584260133, 0.7987018707156127, 0.81192796338965]
[0.791308383916389, 0.8093126252745538, 0.7844972806468692, 0.7507040112641801, 0.79272460937]
[0.8090516206482592, 0.7961786497255605, 0.797396534050868, 0.8247011952191237, 0.7813300461065574]
[0.7697037093335359, 0.7920608243297319, 0.7774592661492077, 0.7729070916283665, 0.8061387004505137]
[0.7567668269230771, 0.741918103448276, 0.7481946461506456, 0.7392852570257986, 0.751145114511451]
[0.7753879760433046, 0.7975870455709166, 0.7802724005145076, 0.8025722572257226, 0.786585073002049]
[0.7933831735326942, 0.8178770860333765, 0.8257545722855621, 0.7763326447935182, 0.7998199819981998]
[0.9063186318631864, 0.8940776310524209, 0.9092840843693027, 0.9061186118611861, 0.905495806926573]
[0.789764, 0.7860311441245765, 0.7834576173493282, 0.7684633853541417, 0.8085449367189874]
[0.7340165231007044, 0.740074066659994, 0.742154, 0.7150225660863958, 0.758346045764753]
[0.9165516109797142, 0.8967715870863483, 0.8875207520752075, 0.899563598254393, 0.9025099614344465]
[0.7337693769376937, 0.7263661491813704, 0.6904150466407464, 0.7211210225749263, 0.7104738813136162]
[0.783412, 0.8043632174528699, 0.7949240000000001, 0.8134857728459112, 0.7950980392156863]
[0.7665330581157194, 0.7769732339061205, 0.7652430609722439, 0.7785401097758077, 0.783097383784996]
[0.828139277641514, 0.824602488350867, 0.8139872559490238, 0.8332693330773323, 0.8075668623613829]
[0.7683234911420278, 0.8188479070364665, 0.79099531573696, 0.7823210968031264, 0.8168731195185966]
[0.808892, 0.8245296830685904, 0.804573696444503, 0.8341213459415351, 0.8294363357019398]
[0.6987187969924812, 0.7060015051800611, 0.6990676691729323, 0.716578824150889, 0.72818765100241]
[0.8395628494312704, 0.8044502702007206, 0.7852796592528543, 0.7933634085213034, 0.8121959805427547]
[0.8062048414745511, 0.7903966463463415, 0.7933353335333533, 0.7970467747355618, 0.7935467869943676]
[0.7538784906415774, 0.7301989309263172, 0.7348258149173481, 0.7637592713546696, 0.7507350264609525]
[0.8074032296129185, 0.815495261981048, 0.8168112672450689, 0.8330026335726397, 0.8168936326831064]
[0.7752799548711549, 0.799169735413269, 0.7792767382406953, 0.8058481219641225, 0.768194524773472]
[0.7041736694677871, 0.6747562522254361, 0.7033296461950336, 0.7274792401639114, 0.7264024897593446]
[0.7993603676085034, 0.7941105826968344, 0.7728032248887036, 0.7643971710821733, 0.787562422160017]
[0.809747238988956, 0.8013125250100039, 0.789815900351714, 0.8071175060719673, 0.813404926644884]
[0.7758568905654937, 0.7913862179487181, 0.7800439976117872, 0.8092087345199378, 0.765321303258145]
[0.768198566919116, 0.7778471288649894, 0.8083571695062803, 0.8043484348434843, 0.787057947338074]
[0.7963254215040079, 0.7809131427241838, 0.7881122309559403, 0.769679428672079, 0.8132312529250117]
[0.7169818868407578, 0.7027167919799499, 0.7011554958069266, 0.703476, 0.699091636654661]
[0.8817797440707865, 0.8905839895013121, 0.8753068296674206, 0.8908732790674304, 0.8821799999999999]
[0.7851640776543387, 0.7910306259600615, 0.79276992481203, 0.7988925829462574, 0.7977247635962174]
[0.7927074366930238, 0.7956319438609968, 0.7771231516044794, 0.7718687474989996, 0.7443035339706329]
[0.6941907051282051, 0.7353743023927127, 0.7323451192745798, 0.7296358543417367, 0.6671233260828636]
[0.7117634085213033, 0.7273661851826666, 0.7110387399404741, 0.6900555780072744, 0.680690256705716]
[0.8354973679578873, 0.8438744591343748, 0.8712601704145045, 0.818912, 0.8598310291858678]
[0.7829536769913452, 0.8282960595099325, 0.7611216015106176, 0.7865956737699717, 0.7780760107363864]
[0.7645458509867934, 0.7856429347978706, 0.7824462446244624, 0.7707399462090163, 0.757045014482085]
[0.8743563460958697, 0.8734910110875923, 0.8953501400560223, 0.9032832405095704, 0.892891006637301]
[0.877047704770477, 0.8634561791274264, 0.8633233821263483, 0.8712979407670522, 0.869062906290629]
[0.921703687954074, 0.91356488833598, 0.916773034463166, 0.897184778432377, 0.941110111011101]
[0.6891110257764124, 0.7302850285028504, 0.70671868747499, 0.7020009280593958, 0.7056934049625787]
[0.808948943183091, 0.8120919738863286, 0.8407286557902112, 0.8300817595716327, 0.8181858185818581]
[0.776067938445784, 0.7870912345201238, 0.813366718027735, 0.8005929487179487, 0.7905585957501279]
[0.6994883989047413, 0.7167756775677567, 0.6750467001868008, 0.706568394894386, 0.7351699934548404]
[0.8818593777521577, 0.8943515774063097, 0.8858908622228627, 0.881268, 0.874141683802927]
[0.755364772527244, 0.7613527265745008, 0.780859861266216, 0.7965877058107502, 0.7909782608695651]
[0.888956895689569, 0.8854580238217213, 0.8982923385241868, 0.8987707678491244, 0.8917256339651639]
[0.8123608909384957, 0.8089204845497752, 0.8234333733493399, 0.8132863855407209, 0.7791247758709016]
[0.7997959642696484, 0.796916689000804, 0.8003032982686391, 0.7797208252817553, 0.804509382541149]
[0.8242547707479508, 0.7639883988398839, 0.7954556372195801, 0.8270549042219232, 0.8183738458338001]
[0.8038929401458452, 0.8049100569745854, 0.8186370981935711, 0.7907684676648359, 0.793406065458913]
[0.8903354770724488, 0.894983416749683, 0.9185062280575194, 0.889517313704064, 0.8788509908841858]
[0.7710681352459017, 0.8108021022211016, 0.7878498014856558, 0.7937671750687002, 0.767752]
[0.8650440705128204, 0.8624462446244624, 0.8661751823065631, 0.8562024019625498, 0.8632171411836917]
[0.6941328990592952, 0.7062752258312512, 0.697932, 0.6933337612477986, 0.7197210653288044]
[0.811227674284617, 0.7854850841815504, 0.8029326193877836, 0.799932786826218, 0.8073490330430327]
[0.8222906266001024, 0.8088488848884888, 0.8334034143469852, 0.7927405386593918, 0.809235670064311]
[0.727415458937198, 0.7196196252260325, 0.7195835133362134, 0.6945479999999999, 0.7118695596518176]
[0.7994549361891155, 0.7798157051282051, 0.785796288666392, 0.7895061135650726, 0.807258532679411]
[0.6861954725577962, 0.7091457632272857, 0.6941879999999999, 0.6427601228078635, 0.7043370775729647]
[0.78786, 0.8180333381370994, 0.8145329357636385, 0.8095970581519715, 0.8222345030855668]
[0.8104128372398494, 0.7821119007106396, 0.8003140000000001, 0.7951702543404446, 0.798253205128205]
[0.8096731052597861, 0.8156538681581589, 0.7930126882030112, 0.8091541659497676, 0.8440375046000735]
[0.8438133955401549, 0.8362255096359142, 0.835933343733375, 0.8167550795716145, 0.8352415392193375]
[0.8878838552751597, 0.8970623529976479, 0.8866907051282051, 0.8897961306428124, 0.8917704676253225]
[0.7724144289316193, 0.7478629230652304, 0.7685742247035986, 0.7729934715821812, 0.7450340136054421]
[0.7715597761519415, 0.7361745205446565, 0.7745638842998348, 0.7476756652958025, 0.75096411451638]
[0.7775126919863762, 0.7593077230892357, 0.7683072940667337, 0.776351537898279, 0.7819303919057377]
[0.8467037013319673, 0.8578316048908521, 0.8665498367582101, 0.8435265159272243, 0.8572794482405465]
[0.7974064753831891, 0.8265507483058547, 0.7756693162732342, 0.7929047131147541, 0.82058]
[0.7887593715313814, 0.7960500994290847, 0.8182079999999999, 0.8095920000000001, 0.8128532627174578]
[0.7618727598566308, 0.781498245150653, 0.769247699079632, 0.7689203027248436, 0.7621301940831053]
[0.7533554359664296, 0.7299754062786326, 0.7453843349797108, 0.7691670766683066, 0.7456936047279318]
[0.7743174317431744, 0.7976802061327699, 0.8129112911291128, 0.7816285060560969, 0.8017432069728277]
[0.7794195504644559, 0.7379310896730541, 0.7393050483695304, 0.7609828115997694, 0.7580878087808781]
[0.8604777676442823, 0.8495373981495927, 0.8533512568463419, 0.8563425883258069, 0.8724617841660962]
[0.7988102672495235, 0.7686157541787609, 0.7507221039829737, 0.7954006344228393, 0.8089404874301899]
[0.9021664346629547, 0.9174537083375037, 0.9191152935151398, 0.903481139486045, 0.9176666826669226]
[0.8842671228201205, 0.8821733968651233, 0.8751235400269686, 0.8985507246376812, 0.8933825883709015]
[0.791336488113572, 0.8008672555043522, 0.7902950295029503, 0.8094770822986591, 0.7835740478641275]
[0.7725649974385246, 0.787747150988604, 0.8046668588173127, 0.770503082012328, 0.7981640299582661]
[0.8042378848985341, 0.8026149760253807, 0.8373941461892628, 0.8120332033203321, 0.8300155222352019]
[0.6840362844470064, 0.6912071846282373, 0.6677523517619709, 0.7252684294871795, 0.7283219401628283]
[0.798577743609456, 0.8052485248524852, 0.8108303046574156, 0.7932649205942623, 0.8161380955430328]
[0.77718, 0.779392, 0.7718431454129395, 0.7782164514632235, 0.7987183186649351]
[0.9188951633294402, 0.9066297480383644, 0.9060538870389344, 0.9139099609500031, 0.9212864968249713]
[0.8860109232686458, 0.8559171147813841, 0.8858183273309324, 0.878679514718059, 0.8928639999999999]
[0.8917282824403047, 0.8855422651358665, 0.888151973471045, 0.8688984380001279, 0.894815920358196]
[0.7522615948104674, 0.7429121252174472, 0.7394557823129252, 0.744402798500746, 0.7237274022833902]
[0.8171799999999999, 0.8048297466303396, 0.7638963896389639, 0.8110671810093776, 0.8001120448179271]
[0.8003393642522981, 0.8022433435739887, 0.7792653388049244, 0.7849442579932877, 0.7989878987898789]
[0.8074130914262528, 0.7742667451046306, 0.7930028569594247, 0.7805359401770989, 0.802172878223616]
[0.7334264536372952, 0.7010336538461539, 0.7049491954105787, 0.6857351616454809, 0.6910969208117276]
[0.8723263993568485, 0.8545550559280536, 0.8750595059505951, 0.8538903837529631, 0.8493202840699595]
[0.6631066097057553, 0.71004100410041, 0.7262585034013606, 0.6763701923076924, 0.692087649179239]
[0.8493251720640876, 0.8094952379809518, 0.831241987179487, 0.8193734974459081, 0.8076887688768876]
[0.8298749874987499, 0.8251114966801437, 0.8360645202750466, 0.861039989758525, 0.8392174274788395]
[0.7204349705430328, 0.699057438941832, 0.7053445089810038, 0.7071895110748024, 0.695508153174057]
[0.8163025210084033, 0.8182003672719852, 0.8057000208029956, 0.8256516000657919, 0.8022569027611045]
[0.7706601975949146, 0.7974615101171119, 0.8151743415388188, 0.8068771305765526, 0.7908511634046534]
[0.8208094804449775, 0.8007232462877624, 0.8301313205252822, 0.7941807068913103, 0.8185874349739894]
[0.8479883400602216, 0.8413565426170468, 0.8471615545848734, 0.858887679825895, 0.8350716740481133]
[0.737689576505366, 0.7716312397229858, 0.7508470847084707, 0.7545966619193164, 0.7405360596849959]
[0.7951902663407102, 0.8241971871549943, 0.7881774778993034, 0.812592, 0.8161545271371861]
[0.9030578684763599, 0.895578329253268, 0.9016083784551723, 0.8926092609260925, 0.8632223222322231]
[0.8725456465731064, 0.8645953525641026, 0.8517959275220686, 0.8511195464155296, 0.849442319694036]
[0.7637459176485657, 0.7627800783256291, 0.740921316740265, 0.767275946466698, 0.7345034026707755]
[0.853284176659138, 0.8668275445315532, 0.8905480597301503, 0.8846206157194061, 0.8682352941176469]
[0.8258496700621436, 0.7829361857026853, 0.822492345180269, 0.8238454737128477, 0.8255303130418765]
[0.8067050413814898, 0.8200495217827841, 0.8077217018313934, 0.7983666708013396, 0.8164277905258479]
[0.882516973326772, 0.8567230507456711, 0.8562534261100597, 0.8717998005694583, 0.8535747286902328]
[0.7202628714139345, 0.6867563900928049, 0.7028845961365229, 0.6828531178885773, 0.684796316685016]
[0.7618727598566308, 0.781498245150653, 0.769247699079632, 0.7689203027248436, 0.7621301940831053]
[0.7176913626195078, 0.7246815184687281, 0.7363951292882744, 0.6974265411945457, 0.70180538494472]
[0.7681931643625193, 0.7301930193019301, 0.7398415046237838, 0.7475020416006148, 0.7628205128205127]
[0.8874407440744074, 0.8742750099066969, 0.8595040330324564, 0.8917489266522354, 0.8794180706891309]
[0.8151170289898615, 0.7868214262851291, 0.7867346734673467, 0.7981952781112445, 0.7806980698069806]
[0.7330792414113725, 0.7588792975800287, 0.7942673426190086, 0.7611030444121777, 0.745742846742482]
[0.7039278794574947, 0.7082291963365173, 0.6793681152693473, 0.700891088712743, 0.6822282228222822]
[0.8018852826323539, 0.7998428378985182, 0.8090631201587607, 0.8270717303629729, 0.8071962362580211]
[0.7986358778534288, 0.7882184908242016, 0.8058995775729646, 0.7735163762620203, 0.8107870133196721]
[0.8724536333231986, 0.8884479365028564, 0.9047944767116275, 0.904247271155301, 0.887454981992797]
[0.8318957929941911, 0.8455155685243223, 0.8206439999999999, 0.8245673307029293, 0.8325830332132853]
[0.8957275626022702, 0.9061786178617861, 0.8706917242703534, 0.8855381686106978, 0.8937286969323583]
[0.7689463955637709, 0.7853067760984886, 0.7846919825819672, 0.786966696669667, 0.7583558355835582]
[0.7694190776763107, 0.7713353654633897, 0.7765893950865049, 0.8077292309169237, 0.7933613782051283]
[0.7241620698345139, 0.7031753852563102, 0.6897684210526316, 0.6803139652109904, 0.6861749499296798]
[0.7972231902867741, 0.7600200080032014, 0.812351116004404, 0.7754775477547755, 0.780535122140488]
[0.7888706186412536, 0.7835882091755303, 0.8044497799119648, 0.7623209283713486, 0.8083879856265812]
[0.7907541993550562, 0.8041776293395164, 0.8017495746171553, 0.7910308589357248, 0.8122435897435897]
[0.7894941649850966, 0.7919488879281357, 0.7632132853141256, 0.7470509882039529, 0.7559396978484115]
[0.806152898446375, 0.7720628565709138, 0.827946794679468, 0.8163239875389408, 0.8058648938383015]
[0.8116352465409862, 0.7887142994364753, 0.8188805005781133, 0.769242770959018, 0.8181878190459426]
[0.786144, 0.7945006020216727, 0.7811400506742557, 0.8055475492786344, 0.792727680197215]
[0.8057965796579658, 0.8038181089743589, 0.8186578277369456, 0.8038208611337783, 0.8141401049667178]
[0.774018625014507, 0.7505802320928372, 0.7842687728058383, 0.7490105210922086, 0.7815907260407358]
[0.9105945695131122, 0.9044193958142163, 0.9007466720048043, 0.9134140924207317, 0.9067105073681178]
[0.8824471043985289, 0.8861355445421781, 0.8972912280701755, 0.8790817042606517, 0.8826423781403263]
[0.8102106703365285, 0.8033248092076565, 0.7854411670201144, 0.8003193545676107, 0.79608694956477]
[0.8062512250049, 0.7928497143017761, 0.8142833044148834, 0.775407979964073, 0.7951035465079059]
[0.8093070915939176, 0.8014064258282574, 0.8077469495235694, 0.8219526049667177, 0.8176263692091246]
[0.7846577929274137, 0.7702658826075978, 0.7911483320595873, 0.7655599333717727, 0.760540486437794]
[0.7795840650263409, 0.8044616426119316, 0.7722297592034546, 0.7814501152663934, 0.7901440066581572]
[0.772593280892036, 0.7701883012820513, 0.7862871451485806, 0.7846002456088419, 0.757818784291597]
[0.8479695675130801, 0.8251313425549878, 0.8242624262426242, 0.8344064321865589, 0.8262959999999999]
[0.7138839212485647, 0.7050651241679468, 0.7346817549080785, 0.7141177082374965, 0.6846272645797324]
[0.8001673713883016, 0.8095077910064034, 0.806005404864378, 0.7868128174036233, 0.7988441342213115]
[0.7735859655880842, 0.789752, 0.7856951256130518, 0.7837642155117585, 0.8120598873311567]
[0.9084487041533496, 0.8746146846727676, 0.9079938038113765, 0.8978949770044549, 0.9097830133170021]
[0.7001580158015802, 0.7180328525641024, 0.6900773791578736, 0.7163156315631563, 0.7076104834740014]
[0.880536858974359, 0.9061564899715189, 0.8963305322128852, 0.8823517646635278, 0.9000864221240636]
[0.8064556325997386, 0.7754684415183952, 0.7815971930498377, 0.7606768702571755, 0.7611286309049163]
[0.8533570248000032, 0.8735113511351136, 0.8548790458327322, 0.8722949698140837, 0.861275121607783]
[0.7054373957462469, 0.7157675767576757, 0.7119850727144594, 0.7391638266212259, 0.7216880341880342]
[0.8007512480798771, 0.801583428013634, 0.7994841314343389, 0.7824146834306243, 0.8178130850093601]
[0.7156463075868539, 0.731090319251493, 0.7181398223624271, 0.7139100762745885, 0.7130015742732506]
[0.78577831132453, 0.8147703488488428, 0.7978180362326093, 0.7927949555086102, 0.7924154334038054]
[0.7984527442987948, 0.7639737388528152, 0.7802483557632299, 0.817887857723138, 0.7990647663315879]
[0.7972231902867741, 0.7600200080032014, 0.812351116004404, 0.7754775477547755, 0.780535122140488]
[0.7287385570706101, 0.7350504618166256, 0.701928, 0.7176514824237188, 0.6864665474432989]
[0.8106229188012295, 0.8189026514650937, 0.809020498951849, 0.8372088363070906, 0.8147959755843573]
[0.7829536769913452, 0.8282960595099325, 0.7611216015106176, 0.7865956737699717, 0.7780760107363864]
[0.7743940509733607, 0.7933873387338735, 0.8029361942405422, 0.7773683641993832, 0.7793450942193682]
[0.8767319905061262, 0.8860376633820228, 0.8719954879819518, 0.8686403368340164, 0.889753566796368]
[0.8209305314568472, 0.7891586538461538, 0.786144301194843, 0.828293464117706, 0.8095518207282912]
[0.7457585758575858, 0.7676465411019187, 0.7626551002524818, 0.7423303290781962, 0.7276531167915946]
[0.7743940509733607, 0.7933873387338735, 0.8029361942405422, 0.7773683641993832, 0.7793450942193682]
[0.7607704896386429, 0.7419434843830006, 0.7350694402717524, 0.7452069808279231, 0.7473469893879575]
[0.8032156630554801, 0.8403680519979507, 0.7934593459345934, 0.8015857085507828, 0.8236416510994395]
[0.8564672556174381, 0.8657267297561287, 0.8744989207523898, 0.8627455701078581, 0.858832810729203]
[0.7999391802944155, 0.7589611306569958, 0.7839528892160471, 0.8043939248447602, 0.787159899749373]
[0.8007840028188865, 0.8578228816237383, 0.8403891443310529, 0.8194165976332545, 0.8121009936158978]
[0.7700949037336284, 0.8109926841320794, 0.7550294342461752, 0.7765071433147543, 0.756883688368836]
[0.7778925952135873, 0.8119967987194877, 0.8015988838283405, 0.8032563256325633, 0.8028562856285628]
[0.8026213137775003, 0.8430640429968105, 0.8356349829378875, 0.8336274756982379, 0.8580295641511628]
[0.7181807634296322, 0.7697028617609052, 0.719178246670082, 0.7248784912445465, 0.7544122823860728]
[0.7744575332925057, 0.7789345597623994, 0.7938833883388339, 0.7776879999999999, 0.7745455709165386]
[0.9088309795061997, 0.9219510438012295, 0.9077716310865243, 0.9202955956724921, 0.9258114871497771]
[0.7785082366686806, 0.7554947144269526, 0.7912715984020793, 0.7722532253225323, 0.7723452345234523]
[0.7766738349532059, 0.7966501146371423, 0.8000432763394628, 0.7911716267495864, 0.7863845821533145]
[0.9047412320369812, 0.8991011910719647, 0.8948810895589271, 0.8892662282596523, 0.9028990049991159]
[0.786136373665609, 0.7952529024047641, 0.8140170036562265, 0.8023199516643392, 0.7976150311676627]
[0.8507978042378849, 0.830629160266257, 0.8313539953008233, 0.8530223792508772, 0.8472233888935555]
[0.9366373324689149, 0.9191108496512312, 0.9228166800950812, 0.9365761202761671, 0.9232223449202995]
[0.7595408700105221, 0.7952288907831391, 0.7853233082706768, 0.7481669340096243, 0.7811288220551378]
[0.8479883400602216, 0.8413565426170468, 0.8471615545848734, 0.858887679825895, 0.8350716740481133]
[0.8294778691546835, 0.8171159289758105, 0.8086594637855142, 0.7893587143080043, 0.817427385892116]
[0.7618727598566308, 0.781498245150653, 0.769247699079632, 0.7689203027248436, 0.7621301940831053]
[0.7089220555850251, 0.7047956730769231, 0.6996543008103702, 0.7112871287128713, 0.74226101732955]
[0.7506053948296877, 0.6962056205620563, 0.7213618943498684, 0.729757770220198, 0.720578116999488]
[0.7962633736946633, 0.7926393573140337, 0.7782466855832892, 0.7742998747954927, 0.7608390204737053]
[0.8354973679578873, 0.8438744591343748, 0.8712601704145045, 0.818912, 0.8598310291858678]
[0.7552955295529552, 0.7479749918999677, 0.7328787714804527, 0.7741930967723871, 0.7729847756410256]
[0.8050267817050484, 0.8386694187106993, 0.7835513255635247, 0.8381996064053704, 0.8083397337429595]
[0.7934427803379417, 0.8061607843765519, 0.7681646501504384, 0.7897964326715762, 0.7692849284928492]
[0.81316, 0.7820471249459575, 0.7615069457781192, 0.7636038358094263, 0.7783923539959016]
[0.6981018813105543, 0.6986522889473283, 0.6908350533608537, 0.6810613922960103, 0.7427274801003687]
[0.7657862732233442, 0.736089777436439, 0.7578180014083605, 0.822646389903261, 0.776288420614729]
[0.7687899749373432, 0.7890019845080342, 0.7652982029412235, 0.7782032200243263, 0.774215656717917]
[0.9023517484843263, 0.9074607146431789, 0.8922724217399655, 0.8834501352021632, 0.9066265060240964]
[0.9335089139373144, 0.9254317017268068, 0.8874220990403563, 0.9114042638374537, 0.9153409522742819]
[0.7741214121412141, 0.7632969312918167, 0.8012432049728199, 0.7759449924112274, 0.789098188369532]
[0.7691522696985341, 0.7676363184498398, 0.765768036617374, 0.762167438027769, 0.7666582650199438]
[0.7973625475338497, 0.7767794249487704, 0.756305048852096, 0.7706883310132963, 0.785871999999999]
[0.7957253132832081, 0.7852800755565694, 0.789734887295082, 0.7681490750990678, 0.7988352818882721]
[0.8083819157407, 0.8057395673323092, 0.7936721373144602, 0.774218987686346, 0.7884784626216079]
[0.7585016025641026, 0.7223322292626728, 0.7378889515558062, 0.7577775900832961, 0.7255662264905962]
[0.8354973679578873, 0.8438744591343748, 0.8712601704145045, 0.818912, 0.8598310291858678]
[0.7454353426893472, 0.6944921341929493, 0.7125434006944111, 0.6692108294930875, 0.7303454108894422]
[0.7943756976367368, 0.8052645909411237, 0.7797762877854412, 0.7937615883961859, 0.798118625130651]
[0.7703909362948265, 0.7567476383265858, 0.7930311721246885, 0.785086508650865, 0.775726153538184]
[0.817125074001184, 0.8116353259911188, 0.818594486215539, 0.8232027399014148, 0.808613953339418]
[0.7794637855142057, 0.7814673205885296, 0.793261935742168, 0.7644483222336065, 0.7986568834722049]
[0.870914089677616, 0.8585010648348306, 0.8840715362861451, 0.8571875150290963, 0.877438721364561]
[0.8878568228366616, 0.8688473408023824, 0.874873949579832, 0.8927007826031177, 0.8992659265926592]
[0.7850505454909418, 0.7755811531745143, 0.780273937532002, 0.785232311548101, 0.7902046783625731]
[0.7943428379416283, 0.7740794674433118, 0.804888488848885, 0.7776839155239716, 0.769016304260868]
[0.813209102110704, 0.806688, 0.8104148377967779, 0.813724, 0.8364030726794535]
[0.7928503787878787, 0.7897995802560117, 0.7768297171018945, 0.794991273158156, 0.780332532051282]
[0.8248091969471512, 0.833996992481203, 0.8208971343541496, 0.8018646618949257, 0.8105082032813126]
[0.7819441499893997, 0.7663006919085142, 0.7857071380253051, 0.7678144888504144, 0.767608173076923]
[0.8159054903906161, 0.7943569853220778, 0.8164982558883769, 0.774964330944709, 0.7900696829206721]
[0.7869288735748101, 0.772499489262495, 0.7993471059832615, 0.7808637522243064, 0.7728896650058475]
[0.819000096075323, 0.839334335839599, 0.8066486594637855, 0.795682578291274, 0.8003439925588555]
[0.8225811612985807, 0.8117232468929876, 0.8270650960048993, 0.8038335839598998, 0.8092306827444697]
[0.9060784753004434, 0.8960836323919489, 0.8969392003330612, 0.9109487352336929, 0.886418182690923]
[0.6804879124226864, 0.7142897144297196, 0.6954201680672268, 0.7051105110511051, 0.7386170859740094]
[0.8070706221811356, 0.7858947013920072, 0.7919879999999999, 0.7729194922204752, 0.7928473980900256]
[0.6715947455159281, 0.6872719854070661, 0.6976220295375701, 0.6753403508771929, 0.726773898973069]
[0.7913884485436582, 0.791627147539409, 0.7903125513998821, 0.7542512077294686, 0.7929376631278922]
[0.8246611945791134, 0.7948693316682077, 0.8065970383918115, 0.7955326391750103, 0.8100113629089046]
[0.8111839157706092, 0.8140283912681647, 0.7987111175115207, 0.7898908186004456, 0.7827308417273962]
[0.8048075691598361, 0.7829893007673188, 0.826358543417367, 0.8025390499711336, 0.7968807500920015]
[0.7796457303654533, 0.7740381537673645, 0.7706123297972767, 0.7497069988279953, 0.7935902769998879]
[0.7747747747747749, 0.795516826923077, 0.787245026592871, 0.7877382813129442, 0.8161912647650589]
[0.7392653129800306, 0.7046233664411918, 0.6825926400615197, 0.7261224718381976, 0.7181674161079195]
[0.7983607737723803, 0.7979737209414256, 0.7917147158690498, 0.7993126652823953, 0.7778553207874092]
[0.8029626663997599, 0.7496510564566589, 0.8012995717593987, 0.7847250036046717, 0.761160116011601]
[0.6988031808508935, 0.7217223109915062, 0.7007693507927554, 0.7158477386693154, 0.73415122988156]
[0.7738290344167111, 0.7979087665402648, 0.7672503810746907, 0.7632696135079611, 0.7924532833741653]
[0.6796929713981568, 0.6997926374277433, 0.704438817755271, 0.7497829921877188, 0.6960864345738295]
[0.7887152937782248, 0.7972207555320885, 0.7721967853483607, 0.7973263749498194, 0.795391587004211]
[0.8331113324453298, 0.8627055494859512, 0.8154281874039939, 0.8133896975228578, 0.8492434063120157]
[0.8068941470687251, 0.802534335839599, 0.7996725786631763, 0.808561731557377, 0.7830619205457078]
[0.8568273478010371, 0.8456177410772512, 0.8456457465663271, 0.8426890756302522, 0.8440620352666242]
[0.7071691227957859, 0.6847592983803854, 0.7225962154200819, 0.6981959804828063, 0.723375574009184]
[0.772593280892036, 0.7701883012820513, 0.7862871451485806, 0.7846002456088419, 0.757818784291597]
[0.8223487213975756, 0.7969006884247833, 0.8124552498209994, 0.797904173626717, 0.7889151556606226]
[0.7847779111644658, 0.8074659808763853, 0.7961542002393618, 0.7710284863332854, 0.737244652920082]
[0.9038675470188076, 0.901918191819182, 0.9200520000000001, 0.9052460984393758, 0.890650282766465]
[0.9240064026701862, 0.92738283812541, 0.9191934554303278, 0.9247446529200821, 0.9194130988715594]
[0.7818481531272006, 0.7901331166752048, 0.7845062083973374, 0.7756639239012605, 0.7639462063428342]
[0.7576232744378797, 0.7526720427526841, 0.7809276699340124, 0.7545330181320725, 0.7816863361867142]
[0.7928503787878787, 0.7897995802560117, 0.7768297171018945, 0.794991273158156, 0.780332532051282]
[0.7887152937782248, 0.7972207555320885, 0.7721967853483607, 0.7973263749498194, 0.795391587004211]
[0.9017874295594263, 0.8964482721377969, 0.8869407642089094, 0.8938153132027369, 0.8922236833664763]
[0.8459963375394195, 0.8570628542627534, 0.8335140585549718, 0.8729708425529872, 0.8501994338651568]
[0.8003958983647154, 0.8014032898105479, 0.7803929570195758, 0.8078308046859994, 0.7976510604241697]
[0.7953030796642414, 0.7846122460408576, 0.7834583458345835, 0.8191329505247256, 0.8172468987595038]
[0.9010085976851463, 0.8974759552794235, 0.9141697189003133, 0.8861556064073226, 0.8949939780488878]
[0.7978722552973561, 0.7840468639887244, 0.7440850835670757, 0.7841071364285458, 0.7831503150315032]
[0.7648442375078001, 0.7773568871732587, 0.761219183359014, 0.7807398388311252, 0.796161858974359]
[0.8865329466989219, 0.8929213784705113, 0.9069825117201875, 0.898192, 0.8891580096883487]
[0.6974993579866462, 0.7075586815015744, 0.6983953450188418, 0.6788911845730027, 0.6666146314908878]
[0.6795990414307771, 0.7179317905383777, 0.685198104647646, 0.6793354774705581, 0.7110706327449942]
[0.7966221055622021, 0.7785738573857386, 0.7797894196199281, 0.800448, 0.7739784222254285]
[0.9240064026701862, 0.92738283812541, 0.9191934554303278, 0.9247446529200821, 0.9194130988715594]
[0.7858605737691804, 0.8129490071841149, 0.8171146580430326, 0.8143449104193774, 0.7724529328893442]
[0.8004975004420439, 0.81751967952489, 0.7908962503851249, 0.789956639306229, 0.7846754807692307]
[0.9352958589349718, 0.9270696741854637, 0.9329710144927537, 0.9216086434573829, 0.9215869928071376]
[0.8762557461262407, 0.8743019888318213, 0.8438724342581808, 0.8388537148944181, 0.8764251474704758]
[0.8284214824422347, 0.8045454181608607, 0.8640740338032934, 0.799092746787313, 0.8313885554221688]
[0.787700485528217, 0.8037691571456603, 0.8196775083903021, 0.7957499269506186, 0.7921002497438525]
[0.9002240896358543, 0.876947570112524, 0.905158096518715, 0.9013775892388609, 0.9017801668330186]
[0.7227498109084798, 0.6810028960463368, 0.7157715771577158, 0.7284266193036354, 0.718431674034211]
[0.7940527048432775, 0.7907669247663477, 0.8064832259329036, 0.8136562906615955, 0.767586888736786]
[0.8263118284735232, 0.836529959872135, 0.8133496612360382, 0.8447828749114571, 0.8221971551544824]
[0.7963254215040079, 0.7809131427241838, 0.7881122309559403, 0.769679428672079, 0.8132312529250117]
[0.9265804511278196, 0.925856585658566, 0.9279420261941449, 0.9193557422969187, 0.9227403846153845]
[0.7687391750593366, 0.80058491464327, 0.800978067575578, 0.7943954395439543, 0.7973919999999998]
[0.8531267125616522, 0.87074193187091, 0.8934651817716335, 0.8748099969599514, 0.8744678637731259]
[0.7868857710295343, 0.8269169226830518, 0.8175763248847925, 0.8138955235226104, 0.811969230892312]
[0.8102106703365285, 0.8033248092076565, 0.7854411670201144, 0.8003193545676107, 0.79608694956477]
[0.8048512194048776, 0.7936740410083385, 0.8077070828331332, 0.7978753637458923, 0.7897455101811948]
[0.8049279096189851, 0.805465871310777, 0.7794455009508557, 0.7953954771716104, 0.8187694757011252]
[0.7064815815491272, 0.6912032825904897, 0.7098513576217219, 0.7280715807686762, 0.6955521595109694]
[0.7838535414165666, 0.8380160000000001, 0.8050467837901901, 0.8161122311827957, 0.8070832283329133]
[0.7258224526369688, 0.7421779780614536, 0.7020624381408805, 0.7025238461046028, 0.7484410072317988]
[0.686875960061444, 0.722632, 0.6775710284113645, 0.7214181707629288, 0.703387897678848]
[0.8258496700621436, 0.7829361857026853, 0.822492345180269, 0.8238454737128477, 0.8255303130418765]
[0.8272961263095338, 0.7956610999723867, 0.79532695675171, 0.7908998098288461, 0.803407485875706]
[0.7483449933799735, 0.7098101925327435, 0.7614121825949216, 0.7410547118785105, 0.7305451985085853]
[0.7903880857397796, 0.7923952395239524, 0.7835413855150697, 0.7920113334854069, 0.794461609887295]
[0.7131332533013206, 0.7235340725814561, 0.7251696977459017, 0.7114925970388155, 0.6979126664106503]
[0.7723317678847144, 0.785908292698537, 0.8038372358446364, 0.774723890060042, 0.7851395494067349]
[0.7042651479577299, 0.7264063756496274, 0.7329156240616554, 0.7277621994391796, 0.7229487179487178]
[0.7129385788839823, 0.6898566032904423, 0.7074387438743874, 0.7301582851375383, 0.6990259025902589]
[0.7920362128586067, 0.7894745263696876, 0.7979937751680545, 0.8022768364293829, 0.8064841337152548]
[0.80196, 0.7671371775757868, 0.7862413299216273, 0.778328453255252, 0.7956832054342426]
[0.8128104354535373, 0.7871771468831563, 0.8033392133568535, 0.8301515418220224, 0.7993989149974319]
[0.8032243224322432, 0.7882217847769029, 0.829051906779661, 0.7858305830583059, 0.8240349873358968]
[0.6950794949543566, 0.6636506184098945, 0.6589935587761675, 0.7172848845819775, 0.7000408418220258]
[0.7063193899293485, 0.7247450822962664, 0.7054368830626208, 0.7318354397461903, 0.7164714166826707]
[0.7890178846561737, 0.7749214921492149, 0.7857145715211729, 0.8130954429235071, 0.7822732314220957]
[0.7277390956382552, 0.7457709830839324, 0.7323869674185463, 0.7632130973622029, 0.7711654183470968]
[0.7097279601216545, 0.700977273000132, 0.6830317140296979, 0.7201555224883598, 0.6970485936992268]
[0.7948407029002038, 0.7733974974398363, 0.8075659145582413, 0.8067104478567626, 0.8008728139650234]
[0.8311647781832149, 0.8453897361220015, 0.8593069608094263, 0.8786722350230415, 0.8722736073994655]
[0.8225811612985807, 0.8117232468929876, 0.8270650960048993, 0.8038335839598998, 0.8092306827444697]
[0.7859221038080082, 0.7850636318844412, 0.7931391725566901, 0.8172315400653917, 0.8022883075408497]
[0.6942828525641025, 0.7313501015791858, 0.7175117511751176, 0.6911797689805989, 0.6944134413441344]
[0.7989527622994428, 0.7704429437839049, 0.7982407366665201, 0.786497022284836, 0.7641177670823481]
[0.8285188518851886, 0.8212295642643135, 0.8441524120699597, 0.8000728026208944, 0.8326672027717431]
[0.8216047998205673, 0.7978384996738943, 0.8115189766623412, 0.8006760676067607, 0.8273886727194119]
[0.7806118366301773, 0.7364677834845357, 0.779984197626419, 0.7639495798319328, 0.7925307219662057]
